url,page_title,heading_level,heading,content
https://sa.vitalaire.com,Welcome to VitalAire Arabia! | VitalAire Arabia,h1,VitalAire Arabia,
https://sa.vitalaire.com,Welcome to VitalAire Arabia! | VitalAire Arabia,h2,Welcome to VitalAire Arabia,
https://sa.vitalaire.com,Welcome to VitalAire Arabia! | VitalAire Arabia,h2,Air Liquide Health Care,Press Release
https://sa.vitalaire.com,Welcome to VitalAire Arabia! | VitalAire Arabia,h3,VitalAire Arabia and the Saudi Arabia Ministry of Health plan to launch a new Diabetes Center of Excellence,"VitalAire Arabia and the Saudi Arabia Ministry of Health have signed, in Riyadh, a Memorandum of Understanding to establish a Diabetes Center of Excellence aiming at enhancing patient care and outcomes, and provide high-quality health services for patients living with diabetes.

The Diabetes Center of Excellence is expecting to treat more than 6,000 patients living with diabetes Type 1 diabetes. Together with the MOH, our focus will be to improve the patient journey, implementing an educational program, proposing plans of care for patients, and measuring outcomes crucial to patients’ health, and to their quality of life."
https://sa.vitalaire.com,Welcome to VitalAire Arabia! | VitalAire Arabia,h3,Click here to read the Press Release,
https://sa.vitalaire.com,Welcome to VitalAire Arabia! | VitalAire Arabia,h2,Who are we?,"VitalAire Arabia is the Saudi entity of VitalAire brand.

VitalAire is an international brand for homecare activities of the Air Liquide Group that specialize in Diabetes, Sleep Apnea, Oxygen Therapy, Ventilation and Home Health Care services."
https://sa.vitalaire.com,Welcome to VitalAire Arabia! | VitalAire Arabia,h2,Mission,
https://sa.vitalaire.com,Welcome to VitalAire Arabia! | VitalAire Arabia,h2,Vision,VitalAire Arabia is committed to put patients at the heart of everything we do. We provide a unique patient-centric and collective approach to help patients achieve a better quality of life while treated for chronic diseases at home. Vitalaire Arabia is engaged to improve value in healthcare for the benefit of patients and reduce the cost for the healthcare system.
https://sa.vitalaire.com,Welcome to VitalAire Arabia! | VitalAire Arabia,h3,Our Solutions,"• Diabetes management, for insulin treated patients.
• Continuous Positive Airway Pressure (CPAP) for patients diagnosed with obstructive sleep apnea
• Home Ventilation for patients diagnosed with chronic respiratory failure
• Long-term oxygen therapy for people with chronic respiratory disease, particularly patients diagnosed with COPD (Chronic Obstructive Pulmonary Disease)

Our ambition is to always bring innovations that enhance patients’ health and provide meaningful outcomes."
https://sa.vitalaire.com,Welcome to VitalAire Arabia! | VitalAire Arabia,h2,Where to find us?,"3 results

• VitalAire Arabia - Dammam
• VitalAire Arabia - Jeddah
• VitalAire Arabia Head Office Riyadh"
https://sa.vitalaire.com,Welcome to VitalAire Arabia! | VitalAire Arabia,h3,VitalAire Arabia - Dammam,
https://sa.vitalaire.com,Welcome to VitalAire Arabia! | VitalAire Arabia,h3,VitalAire Arabia - Jeddah,
https://sa.vitalaire.com,Welcome to VitalAire Arabia! | VitalAire Arabia,h3,VitalAire Arabia Head Office Riyadh,"Sunday to Thursday 8:00 AM to 5:30 PM

Phone Number

AlNajem Buisness Center, King Faisal road, AlMazruiyah - Dammam 32414, KSA, Office 22, 4th floor,

Contact us on WhatsApp / https://wa.me/+966500151059

Sunday to Thursday 8:30 AM to 5:30 PM

Phone Number

Mezzanine Floor, Office # 6 El Aqsa for Business Bldg. شركة فيتالير العربية فرع جدة, Al-Rehab, Jeddah 23345

Contact us on WhatsApp / https://wa.me/+966500151059

Sunday to Thursday 8:30 AM to 5:30 PM

Phone Number

4063 Prince Fawaz Bin Abdulaziz St, 7999, Ar Rabwah, Riyadh 12813, Saudi Arabia

Contact us on WhatsApp / https://wa.me/+966500151059

• Locations

VitalAire is the global brand for Air Liquide’s Home Healthcare activities, which supports at home 2.3 million people living with chronic disease in 2025. VitalAire benefits from 40 years of expertise in respiratory diseases (sleep apnea, long-term oxygen therapy, out-of-hospital ventilation), infusion therapies (diabetes, pulmonary arterial hypertension), and community care.

• VitalAire Worldwide
• Air Liquide Saudi Arabia
• Air Liquide Worldwide

• Shop now
• Visit Us

© VitalAire Arabia 2026

• Terms & conditions
• Legal Notice
• Accessibility
• Sitemap
• Manage cookies"
https://sa.vitalaire.com/diabetes,What is Diabetes? | VitalAire Arabia,h1,What is Diabetes?,"Diabetes is a serious, chronic condition that affects millions of people around the world.

It is very common — an estimated 537 million adults worldwide have some form of diabetes, and new cases are increasing by an average of 3% each year.

Diabetes is a long-term condition that causes blood glucose levels to be raised. The condition occurs when the pancreas cannot produce enough insulin, the hormone that lowers blood glucose, or when the body cannot effectively use the insulin.

There are different types of diabetes. You can find out about the main types of diabetes — including causes, symptoms and treatments — below.

About 5–10% of people with diabetes have type 1. It is caused by the body’s immune system attacking and destroying cells in the pancreas, which means the body can’t produce enough (and most of the time, any) insulin.

The exact reason of type 1 diabetes currently isn’t known. However, risk factors for developing type 1 include your family history, ethnicity and a history of certain viral infections in childhood. The majority of type 1 diabetes occurs in children and adolescents. At the moment there is no treatment that can prevent you from getting type 1 diabetes.

Every person is different, but there are some characteristic symptoms that are often present when type 1 diabetes starts. These can include excessive thirst and urination, weight loss, constant hunger, fatigue and vision changes.

People with type 1 diabetes need to take insulin every day to regulate the amount of glucose in their blood. This is typically administered either as injections or as a continuous infusion under the skin, through insulin pump therapy (also known as CSII — continuous subcutaneous insulin infusion).

Reaching blood glucose targets is very important in preventing and slowing the complications of diabetes. If you are diagnosed with type 1 diabetes, your healthcare team will teach you about important concepts such as adapting your insulin dose to your carbohydrate intake, pre-meal blood glucose, and any anticipated activity that you might undertake.

Type 2 diabetes accounts for the majority of cases around the world — almost 90% of diabetes cases worldwide are type 2 diabetes.

It is caused when the body becomes resistant to the effects of insulin, which cannot be overcome by producing more insulin.

At the beginning, type 2 diabetes often has no symptoms at all. It develops slowly and there can often be a long period of time where the condition is undetected and undiagnosed. Instead, some people may be diagnosed after contacting their healthcare team because of complications of the condition, such as problems with their heart or vision.

There are two types of risk factors for type 2 diabetes — those that cannot be changed and those that can be changed, such as lifestyle choices [3]. Risk factors that can’t be changed include:

• Age
• Gender
• Ethnicity
• Family history of diabetes
• If you have had diabetes in pregnancy
• If you were born with a low birth weight
• Changeable and lifestyle risk factors for type 2 diabetes are: Increased body mass index (BMI) Low physical activity Poor nutrition High blood pressure Smoking Alcohol use

• Increased body mass index (BMI)
• Low physical activity
• Poor nutrition
• High blood pressure
• Smoking
• Alcohol use

Unlike type 1 diabetes, there are effective ways to prevent type 2 diabetes. Trials have shown that individuals at high risk of developing type 2 diabetes can significantly reduce their risk with certain interventions, such as lifestyle modification programs.

Regular physical activity reduces the risk of diabetes and high glycaemia, and is an important contributor to weight management, another risk factor for diabetes.

Type 2 diabetes needs to be managed. Most people will start with lifestyle changes, such as exercise or weight-loss education, as the first line of treatment. However, if these changes don’t help you achieve or maintain your blood glucose targets, medications will be used as a second line of treatment.

The management of type 2 diabetes can involve several different medications. If blood glucose is very high or causing symptoms, then insulin may be started as the first treatment. Eventually, many people with type 2 diabetes end up taking insulin as their treatment.

Gestational diabetes is a temporary condition that starts or is first recognized in pregnancy. It is usually detected and diagnosed through prenatal health screening, rather than reported symptoms.

People with gestational diabetes have an increased risk of some complications during pregnancy and delivery. These complications can also affect the baby.

There are several things that need to be monitored if a person has gestational diabetes. These include:

• Daily self-monitoring of blood glucose levels
• Ultrasound scans to assess how the baby is growing
• Monitoring of blood pressure and protein in the urine

Management for gestational diabetes includes:

• Nutritional counselling to ensure that the calories in food are enough to meet the needs of pregnancy while helping to achieve target blood glucose goals
• Insulin treatment may be started if nutritional therapy is not sufficient to manage blood glucose
• Ensuring that the baby is delivered at the right time, which is usually during the 38th week of being pregnant unless there is a reason for the baby to be born earlie

Diabetes mellitus refers to a group of diseases that affect how the body uses blood sugar (glucose). Glucose is an important source of energy for the cells that make up the muscles and tissues. It's also the brain's main source of fuel.

The main cause of diabetes varies by type. But no matter what type of diabetes you have, it can lead to excess sugar in the blood. Too much sugar in the blood can lead to serious health problems.

Chronic diabetes conditions include type 1 diabetes and type 2 diabetes. Potentially reversible diabetes conditions include prediabetes and gestational diabetes. Prediabetes happens when blood sugar levels are higher than normal. But the blood sugar levels aren't high enough to be called diabetes. And prediabetes can lead to diabetes unless steps are taken to prevent it. Gestational diabetes happens during pregnancy. But it may go away after the baby is born.

Click this link to see the list of signs and symptoms.

The early detection of diabetes and initiation of treatment is extremely important in the management of diabetes and prevention of complications.

Diabetes is a serious, chronic condition that affects millions of people, with an estimated 537 million living with diabetes across the world. Out of this, there are thought to be 240 million people living with undiagnosed diabetes — meaning that almost one-in-two adults with diabetes are unaware they have the condition. The number of people with diabetes is increasing by about 3% every year.

Diagnosing diabetes can involve a number of different tests. Click this link to learn more about how Diabetes is diagnosed.

Diabetes is a group of conditions that are characterized by high blood glucose (also known as ‘glycaemia’), which is caused by problems with insulin — a hormone produced by the pancreas in order to regulate blood glucose — and/or the receptors targeted by insulin. If someone has diabetes, their body cannot produce any or enough of the hormone insulin, or use insulin effectively.

Type 1 diabetes, which makes up 5–10% of cases, is caused by the immune system attacking the insulin-producing cells of the pancreas. Type 2 diabetes, which is about 90–95% of diagnoses, is due to a combination of resistance to the effects of insulin with some level of insulin secretion problems.

There are a number of treatments available that can help manage diabetes. Click this link to know more about treatment and management for diabetes.

Diabetes of all types can lead to complications in many different parts of the body.

Acute (short-term) complications can include conditions related to high blood glucose such as diabetic ketoacidosis (DKA) and hyperosmolar coma. Low blood glucose can also occur in all types of diabetes and may result in loss of consciousness or seizures.

Long-term complications can be classified as either microvascular or macrovascular. Microvascular complications include nervous system damage (neuropathy), kidney problems and renal system damage (nephropathy) and vision issues (retinopathy). Macrovascular complications include cardiovascular disease, stroke, and peripheral vascular disease — which may lead to infection and injury that don’t heal, especially in the feet.

While a long list of complications can seem scary, there are things that you can do to reduce the risk of these problems occurring. Improving your blood glucose levels, blood pressure and cholesterol levels can all reduce your risk of complications. Good management of your diabetes using medicines, following a healthy lifestyle, self-care, and regular screening can help to prevent complications from diabetes.

A landmark trial for people with type 1 diabetes, carried out in the late 1980s and 90s, showed that meticulous glycemic management reduced the risks of eye, kidney and nerve damage by between 30 and 90%.

Diabetes is a very common condition, shared by millions of people worldwide. There are different types of diabetes.

Diabetes can cause a range of complications, but it is important to know that there are a number of actions you can take to reduce your risk of complications significantly.

Whether you have type 1, type 2, or gestational diabetes, your healthcare team will support you with the management of your condition and answer any questions that you might have.

VitalAire is the global brand for Air Liquide’s Home Healthcare activities, which supports at home 2.3 million people living with chronic disease in 2025. VitalAire benefits from 40 years of expertise in respiratory diseases (sleep apnea, long-term oxygen therapy, out-of-hospital ventilation), infusion therapies (diabetes, pulmonary arterial hypertension), and community care.

• VitalAire Worldwide
• Air Liquide Saudi Arabia
• Air Liquide Worldwide

• Shop now
• Visit Us

© VitalAire Arabia 2026

• Terms & conditions
• Legal Notice
• Accessibility
• Sitemap
• Manage cookies"
https://sa.vitalaire.com/sleep-apnea,What is Sleep Apnea? | VitalAire Arabia,h1,What is Sleep Apnea?,
https://sa.vitalaire.com/sleep-apnea,What is Sleep Apnea? | VitalAire Arabia,h2,Why do we sleep?,
https://sa.vitalaire.com/sleep-apnea,What is Sleep Apnea? | VitalAire Arabia,h2,Sleep Apnea explained in 1 minute,"Sleep Apnea is an involuntary pause in breathing during sleep for at least 10 seconds. Obstructive Sleep Apnea (OSA) is the most common type, caused by an obstruction of the airways in the throat region (1,2) , it happens when the muscles relax during sleep.

Airflow is obstructed or reduced, causing vibrations that result in snoring during sleep and a drop in oxygen. The brain senses this lack of oxygen and responds with sudden, unconscious, short-lived “micro-awakenings” called resuscitative snoring to restore breathing. The repeated occurrence of frequent interruptions of breathing during the night breaks the sleep pattern, which ceases to be a restorative activity."
https://sa.vitalaire.com/sleep-apnea,What is Sleep Apnea? | VitalAire Arabia,h2,Watch this video to know more about Sleep Apnea.,"• American Sleep Association (ASA) https://www.sleepassociation.org/about-sleep/what-is-sleep/
• Rules for Scoring Respiratory Events in Sleep: Update of the 2007 AASM Manual for Scoring of Sleep and Associated Events – Journal of Clinical Sleep Medicine, Vol. 8, No. 5, 2012 https://www.sleepassociation.org/about-sleep/what-is-sleep/

VitalAire is the global brand for Air Liquide’s Home Healthcare activities, which supports at home 2.3 million people living with chronic disease in 2025. VitalAire benefits from 40 years of expertise in respiratory diseases (sleep apnea, long-term oxygen therapy, out-of-hospital ventilation), infusion therapies (diabetes, pulmonary arterial hypertension), and community care.

• VitalAire Worldwide
• Air Liquide Saudi Arabia
• Air Liquide Worldwide

• Shop now
• Visit Us

© VitalAire Arabia 2026

• Terms & conditions
• Legal Notice
• Accessibility
• Sitemap
• Manage cookies"
https://sa.vitalaire.com/sleep-apnea/sleep-apnea/do-i-have-sleep-apnea,Do I have Sleep Apnea? | VitalAire Arabia,h1,Do I have Sleep Apnea?,
https://sa.vitalaire.com/sleep-apnea/sleep-apnea/do-i-have-sleep-apnea,Do I have Sleep Apnea? | VitalAire Arabia,h3,STEP 1: FIND A SLEEP SPECIALIST,"If you think you’re suffering from sleep apnea, you should make an appointment with your doctor to talk about the symptoms.

If your doctor thinks you are at risk of sleep apnea or another sleep disorder, they will refer you to a sleep specialist."
https://sa.vitalaire.com/sleep-apnea/sleep-apnea/do-i-have-sleep-apnea,Do I have Sleep Apnea? | VitalAire Arabia,h3,STEP 2: PREPARE FOR YOUR VISIT,"Before your visit to the sleep specialist, take the Am I at Risk? link to the questionnaire. This will help assess your risk of sleep apnea.

VitalAire is the global brand for Air Liquide’s Home Healthcare activities, which supports at home 2.3 million people living with chronic disease in 2025. VitalAire benefits from 40 years of expertise in respiratory diseases (sleep apnea, long-term oxygen therapy, out-of-hospital ventilation), infusion therapies (diabetes, pulmonary arterial hypertension), and community care.

• VitalAire Worldwide
• Air Liquide Saudi Arabia
• Air Liquide Worldwide

• Shop now
• Visit Us

© VitalAire Arabia 2026

• Terms & conditions
• Legal Notice
• Accessibility
• Sitemap
• Manage cookies"
https://sa.vitalaire.com/sleep-apnea/sleep-apnea/what-treatment-sleep-apnea,What is the treatment for Sleep Apnea? | VitalAire Arabia,h1,What is the treatment for Sleep Apnea?,CPAP is a device that delivers a continuous stream of airway pressure to keep your airway open and prevent it from collapsing while you sleep.
https://sa.vitalaire.com/sleep-apnea/sleep-apnea/what-treatment-sleep-apnea,What is the treatment for Sleep Apnea? | VitalAire Arabia,h2,We offer several support programs to accommodate each of your needs :,"• ST1 includes the supply of the CPAP device, its accessories, and a standard 2 year warranty
• ST2 includes ST1+ a patient initiation and follow up program for the first 30 days after the purchase of the equipment, which offers two home visits, education on OSA and CPAP therapy, and personal follow-up calls
• ST3 includes ST1 and ST2+ a therapy optimization program that offers a follow up every month for the first 3 months followed by education review and compliance assessments every 6 months

For sleep diagnostic services please Visit/Contact Us *(ST1, ST2, ST3) offer codes used for official service requests"
https://sa.vitalaire.com/sleep-apnea/sleep-apnea/what-treatment-sleep-apnea,What is the treatment for Sleep Apnea? | VitalAire Arabia,h2,What is CPAP?,"VitalAire is the global brand for Air Liquide’s Home Healthcare activities, which supports at home 2.3 million people living with chronic disease in 2025. VitalAire benefits from 40 years of expertise in respiratory diseases (sleep apnea, long-term oxygen therapy, out-of-hospital ventilation), infusion therapies (diabetes, pulmonary arterial hypertension), and community care.

• VitalAire Worldwide
• Air Liquide Saudi Arabia
• Air Liquide Worldwide

• Shop now
• Visit Us

© VitalAire Arabia 2026

• Terms & conditions
• Legal Notice
• Accessibility
• Sitemap
• Manage cookies"
https://sa.vitalaire.com/sleep-apnea/sleep-apnea/our-products-and-services,Our Products and Services | VitalAire Arabia,h1,Our Products and Services,"VitalAire Arabia offers the best therapy support and delivery of CPAP treatments as well as other benefits. A range of CPAP devices, masks, accessories and services ensures the best combination for your needs."
https://sa.vitalaire.com/sleep-apnea/sleep-apnea/our-products-and-services,Our Products and Services | VitalAire Arabia,h3,Choose your Perfect CPAP Device and Mask Combination,"Our experts will help ease your transition and optimize your CPAP therapy outcomes.

VitalAire Arabia gives the possibility to try and test the CPAP devices before buying, ensuring self-confidence in the correct decision."
https://sa.vitalaire.com/sleep-apnea/sleep-apnea/our-products-and-services,Our Products and Services | VitalAire Arabia,h3,More Choice with CPAP Purchases,Correct mask fitting is a key to effective CPAP therapy. That is why we offer free mask fitting at any one of our nationwide branches and showrooms.
https://sa.vitalaire.com/sleep-apnea/sleep-apnea/our-products-and-services,Our Products and Services | VitalAire Arabia,h3,Our Team will be happy to provide you with the support you may need. Contact Us,"Benefits of Purchasing your CPAP Machine from VitaAire:

• Free CPAP mask fitting at one of our nationwide branches
• Equipment demonstration and education
• Try your device before you buy it
• Ongoing telephonic support.
• 2 years warranty on devices
• Nationwide technical service Order Now."
https://sa.vitalaire.com/sleep-apnea/sleep-apnea/our-products-and-services,Our Products and Services | VitalAire Arabia,h2,A life changing treatment,"VitalAire is the global brand for Air Liquide’s Home Healthcare activities, which supports at home 2.3 million people living with chronic disease in 2025. VitalAire benefits from 40 years of expertise in respiratory diseases (sleep apnea, long-term oxygen therapy, out-of-hospital ventilation), infusion therapies (diabetes, pulmonary arterial hypertension), and community care.

• VitalAire Worldwide
• Air Liquide Saudi Arabia
• Air Liquide Worldwide

• Shop now
• Visit Us

© VitalAire Arabia 2026

• Terms & conditions
• Legal Notice
• Accessibility
• Sitemap
• Manage cookies"
https://sa.vitalaire.com/oxygen-therapy,What is Home oxygen therapy ? | VitalAire Arabia,h1,What is Home oxygen therapy ?,"Home oxygen therapy is a treatment for advanced respiratory failure managed at home. The oxygen supply compensates for pulmonary failures and improves the functioning of all your organs, which quickly translates into relief of symptoms: you are less tired, you have more energy and tone. Oxygen therapy can correct hematosis by improving the balance of gas exchange between air and blood.

Oxygen therapy involves inhaling oxygen-enriched air to correct hypoxemia (lack of oxygen in the blood) when it is severe."
https://sa.vitalaire.com/oxygen-therapy,What is Home oxygen therapy ? | VitalAire Arabia,h2,Short-term therapy,
https://sa.vitalaire.com/oxygen-therapy,What is Home oxygen therapy ? | VitalAire Arabia,h2,Long term oxygen therapy,"VitalAire is the global brand for Air Liquide’s Home Healthcare activities, which supports at home 2.3 million people living with chronic disease in 2025. VitalAire benefits from 40 years of expertise in respiratory diseases (sleep apnea, long-term oxygen therapy, out-of-hospital ventilation), infusion therapies (diabetes, pulmonary arterial hypertension), and community care.

• VitalAire Worldwide
• Air Liquide Saudi Arabia
• Air Liquide Worldwide

• Shop now
• Visit Us

© VitalAire Arabia 2026

• Terms & conditions
• Legal Notice
• Accessibility
• Sitemap
• Manage cookies"
https://sa.vitalaire.com/ventilation,Ventilation Treatment | VitalAire Arabia,h1,Ventilation Treatment,
https://sa.vitalaire.com/ventilation,Ventilation Treatment | VitalAire Arabia,h3,What is Non-Invasive Ventilation?,
https://sa.vitalaire.com/ventilation,Ventilation Treatment | VitalAire Arabia,h3,Advantages of Home Based Ventilation,"• Reducing the risk of contracting a hospital infection
• Improved nutrition, adaptable to patient’s needs
• Less costly
• Home/family atmosphere which improves the patient’s psychology and attitude towards the illness
• Increased willingness for rehabilitation

The machine does not do the breathing for you. It gently boosts each breath in and out to reduce the work that you have to do. It can feel a bit strange or even uncomfortable to begin with. However, most people find that they get used to it fairly quickly."
https://sa.vitalaire.com/ventilation,Ventilation Treatment | VitalAire Arabia,h3,Benefits of Non-invasive ventilation (NIV),
https://sa.vitalaire.com/ventilation,Ventilation Treatment | VitalAire Arabia,h3,Modes of Invasive Ventilation?,"Controlled IV: the respiratory flow rate is irrespective of the patient’s respiratory efforts. The volume and respiratory rate are adjusted according to the patient’s needs Assisted IV: the patient initiates the breath and the ventilator assists each breath based on the rate setting.

VitalAire is the global brand for Air Liquide’s Home Healthcare activities, which supports at home 2.3 million people living with chronic disease in 2025. VitalAire benefits from 40 years of expertise in respiratory diseases (sleep apnea, long-term oxygen therapy, out-of-hospital ventilation), infusion therapies (diabetes, pulmonary arterial hypertension), and community care.

• VitalAire Worldwide
• Air Liquide Saudi Arabia
• Air Liquide Worldwide

• Shop now
• Visit Us

© VitalAire Arabia 2026

• Terms & conditions
• Legal Notice
• Accessibility
• Sitemap
• Manage cookies"
https://sa.vitalaire.com/contact-us,Visit / Contact Us | VitalAire Arabia,h1,Visit / Contact Us,"Our Customer Service aims to provide you with personalized services in a comfortable and harmonious atmosphere.

Please visit us and talk to our experts to find the best solution you need."
https://sa.vitalaire.com/contact-us,Visit / Contact Us | VitalAire Arabia,h3,VitalAire Head Office Riyadh,"4063 Prince Fawaz Bin Abdulaziz St, 7999, Ar Rabwah, Riyadh 12813, Saudi Arabia

Tel : 9200 23202

WhatsApp: +966 50 0151 05

Visit us now."
https://sa.vitalaire.com/contact-us,Visit / Contact Us | VitalAire Arabia,h3,VitalAire Arabia - Jeddah,"Mezzanine Floor, Office # 6 El Aqsa for Business Bldg. شركة فيتالير العربية فرع جدة, Al-Rehab, Jeddah 23345

Tel : 9200 23202

WhatsApp: +966 50 0151 059

Visit us now."
https://sa.vitalaire.com/contact-us,Visit / Contact Us | VitalAire Arabia,h3,VitalAire Arabia - Dammam,"Hail Center, Office # 22, 4th floor, Al Najim business center, King Faisal Ibn Abd Al Aziz, Dammam

Tel : +966 9200 23302

Whatsapp: +966 50 0151 059

Visit us now.

VitalAire is the global brand for Air Liquide’s Home Healthcare activities, which supports at home 2.3 million people living with chronic disease in 2025. VitalAire benefits from 40 years of expertise in respiratory diseases (sleep apnea, long-term oxygen therapy, out-of-hospital ventilation), infusion therapies (diabetes, pulmonary arterial hypertension), and community care.

• VitalAire Worldwide
• Air Liquide Saudi Arabia
• Air Liquide Worldwide

• Shop now
• Visit Us

© VitalAire Arabia 2026

• Terms & conditions
• Legal Notice
• Accessibility
• Sitemap
• Manage cookies"
https://sa.vitalaire.com/visit-contact-us,Visit / Contact Us | VitalAire Arabia,h1,Visit / Contact Us,"Our Customer Service aims to provide you with personalized services in a comfortable and harmonious atmosphere.

Please visit us and talk to our experts to find the best solution you need."
https://sa.vitalaire.com/visit-contact-us,Visit / Contact Us | VitalAire Arabia,h3,VitalAire Head Office Riyadh,"4063 Prince Fawaz Bin Abdulaziz St, 7999, Ar Rabwah, Riyadh 12813, Saudi Arabia

Tel : 9200 23202

WhatsApp: +966 50 0151 05

Visit us now."
https://sa.vitalaire.com/visit-contact-us,Visit / Contact Us | VitalAire Arabia,h3,VitalAire Arabia - Jeddah,"Mezzanine Floor, Office # 6 El Aqsa for Business Bldg. شركة فيتالير العربية فرع جدة, Al-Rehab, Jeddah 23345

Tel : 9200 23202

WhatsApp: +966 50 0151 059

Visit us now."
https://sa.vitalaire.com/visit-contact-us,Visit / Contact Us | VitalAire Arabia,h3,VitalAire Arabia - Dammam,"Hail Center, Office # 22, 4th floor, Al Najim business center, King Faisal Ibn Abd Al Aziz, Dammam

Tel : +966 9200 23302

Whatsapp: +966 50 0151 059

Visit us now.

VitalAire is the global brand for Air Liquide’s Home Healthcare activities, which supports at home 2.3 million people living with chronic disease in 2025. VitalAire benefits from 40 years of expertise in respiratory diseases (sleep apnea, long-term oxygen therapy, out-of-hospital ventilation), infusion therapies (diabetes, pulmonary arterial hypertension), and community care.

• VitalAire Worldwide
• Air Liquide Saudi Arabia
• Air Liquide Worldwide

• Shop now
• Visit Us

© VitalAire Arabia 2026

• Terms & conditions
• Legal Notice
• Accessibility
• Sitemap
• Manage cookies"
https://sa.vitalaire.com/welcome-vitalaire-arabia,Welcome to VitalAire Arabia! | VitalAire Arabia,h1,VitalAire Arabia,
https://sa.vitalaire.com/welcome-vitalaire-arabia,Welcome to VitalAire Arabia! | VitalAire Arabia,h2,Welcome to VitalAire Arabia,
https://sa.vitalaire.com/welcome-vitalaire-arabia,Welcome to VitalAire Arabia! | VitalAire Arabia,h2,Air Liquide Health Care,Press Release
https://sa.vitalaire.com/welcome-vitalaire-arabia,Welcome to VitalAire Arabia! | VitalAire Arabia,h3,VitalAire Arabia and the Saudi Arabia Ministry of Health plan to launch a new Diabetes Center of Excellence,"VitalAire Arabia and the Saudi Arabia Ministry of Health have signed, in Riyadh, a Memorandum of Understanding to establish a Diabetes Center of Excellence aiming at enhancing patient care and outcomes, and provide high-quality health services for patients living with diabetes.

The Diabetes Center of Excellence is expecting to treat more than 6,000 patients living with diabetes Type 1 diabetes. Together with the MOH, our focus will be to improve the patient journey, implementing an educational program, proposing plans of care for patients, and measuring outcomes crucial to patients’ health, and to their quality of life."
https://sa.vitalaire.com/welcome-vitalaire-arabia,Welcome to VitalAire Arabia! | VitalAire Arabia,h3,Click here to read the Press Release,
https://sa.vitalaire.com/welcome-vitalaire-arabia,Welcome to VitalAire Arabia! | VitalAire Arabia,h2,Who are we?,"VitalAire Arabia is the Saudi entity of VitalAire brand.

VitalAire is an international brand for homecare activities of the Air Liquide Group that specialize in Diabetes, Sleep Apnea, Oxygen Therapy, Ventilation and Home Health Care services."
https://sa.vitalaire.com/welcome-vitalaire-arabia,Welcome to VitalAire Arabia! | VitalAire Arabia,h2,Mission,
https://sa.vitalaire.com/welcome-vitalaire-arabia,Welcome to VitalAire Arabia! | VitalAire Arabia,h2,Vision,VitalAire Arabia is committed to put patients at the heart of everything we do. We provide a unique patient-centric and collective approach to help patients achieve a better quality of life while treated for chronic diseases at home. Vitalaire Arabia is engaged to improve value in healthcare for the benefit of patients and reduce the cost for the healthcare system.
https://sa.vitalaire.com/welcome-vitalaire-arabia,Welcome to VitalAire Arabia! | VitalAire Arabia,h3,Our Solutions,"• Diabetes management, for insulin treated patients.
• Continuous Positive Airway Pressure (CPAP) for patients diagnosed with obstructive sleep apnea
• Home Ventilation for patients diagnosed with chronic respiratory failure
• Long-term oxygen therapy for people with chronic respiratory disease, particularly patients diagnosed with COPD (Chronic Obstructive Pulmonary Disease)

Our ambition is to always bring innovations that enhance patients’ health and provide meaningful outcomes."
https://sa.vitalaire.com/welcome-vitalaire-arabia,Welcome to VitalAire Arabia! | VitalAire Arabia,h2,Where to find us?,"3 results

• VitalAire Arabia - Dammam
• VitalAire Arabia - Jeddah
• VitalAire Arabia Head Office Riyadh"
https://sa.vitalaire.com/welcome-vitalaire-arabia,Welcome to VitalAire Arabia! | VitalAire Arabia,h3,VitalAire Arabia - Dammam,
https://sa.vitalaire.com/welcome-vitalaire-arabia,Welcome to VitalAire Arabia! | VitalAire Arabia,h3,VitalAire Arabia - Jeddah,
https://sa.vitalaire.com/welcome-vitalaire-arabia,Welcome to VitalAire Arabia! | VitalAire Arabia,h3,VitalAire Arabia Head Office Riyadh,"Sunday to Thursday 8:00 AM to 5:30 PM

Phone Number

AlNajem Buisness Center, King Faisal road, AlMazruiyah - Dammam 32414, KSA, Office 22, 4th floor,

Contact us on WhatsApp / https://wa.me/+966500151059

Sunday to Thursday 8:30 AM to 5:30 PM

Phone Number

Mezzanine Floor, Office # 6 El Aqsa for Business Bldg. شركة فيتالير العربية فرع جدة, Al-Rehab, Jeddah 23345

Contact us on WhatsApp / https://wa.me/+966500151059

Sunday to Thursday 8:30 AM to 5:30 PM

Phone Number

4063 Prince Fawaz Bin Abdulaziz St, 7999, Ar Rabwah, Riyadh 12813, Saudi Arabia

Contact us on WhatsApp / https://wa.me/+966500151059

• Locations

VitalAire is the global brand for Air Liquide’s Home Healthcare activities, which supports at home 2.3 million people living with chronic disease in 2025. VitalAire benefits from 40 years of expertise in respiratory diseases (sleep apnea, long-term oxygen therapy, out-of-hospital ventilation), infusion therapies (diabetes, pulmonary arterial hypertension), and community care.

• VitalAire Worldwide
• Air Liquide Saudi Arabia
• Air Liquide Worldwide

• Shop now
• Visit Us

© VitalAire Arabia 2026

• Terms & conditions
• Legal Notice
• Accessibility
• Sitemap
• Manage cookies"
https://sa.vitalaire.com/home-healthcare/doctors-home-visit,Doctors Home Visit | VitalAire Arabia,h1,Doctors Home Visit,"Under the auspices of a group of distinguished physicians in various medical specialties, Vitalaire Arabia organizes home visits aimed at taking care of your health and your family health with the best practices and according to the highest international quality standards."
https://sa.vitalaire.com/home-healthcare/doctors-home-visit,Doctors Home Visit | VitalAire Arabia,h3,Adult's home healthcare,"We are pleased to present:

Primary health care services at home, including diagnosis, treatment and follow up of various medical conditions and chronic diseases, such as:

. Diagnosis and treatment of hypertension, diabetes and bronchial asthma.

. Diagnosis and treatment of gastrointestinal tract diseases.

. Diagnosis and treatment of respiratory diseases.

. Diagnosis and treatment of thyroid diseases.

. Carrying out the necessary checks and investigations for cases with fever & fever of unknown origin ."
https://sa.vitalaire.com/home-healthcare/doctors-home-visit,Doctors Home Visit | VitalAire Arabia,h3,More Adult's Services :,". Follow-up and treatment of iron deficiency anemia.

. Follow-up cases of vitamin deficiencies

. Diagnosis and follow-up of bone and joint pain.

. Conducting the necessary tests to find out the causes of lethargy, fatigue and headaches.

. Diagnosis and treatment of gastroenteritis.

. Diagnosis and treatment of stomach ulcers.

. Diagnosis of cases of cystitis , urinary tract infection and involuntary urination in children."
https://sa.vitalaire.com/home-healthcare/doctors-home-visit,Doctors Home Visit | VitalAire Arabia,h3,Children home healthcare,"Comprehensive examination of children's cases and efficient follow-up of the child's growth and nutritional status, as well as follow-up of his physical condition and the implementation of appropriate nutritional programs to strengthen his physical structure."
https://sa.vitalaire.com/home-healthcare/doctors-home-visit,Doctors Home Visit | VitalAire Arabia,h3,Geriatric Home healthcare,"Follow-up of the elderly, especially after surgeries, and meet the necessary health care needs for them in all physical, psychological and social aspects, in cooperation with family members and also with the health care provider."
https://sa.vitalaire.com/home-healthcare/doctors-home-visit,Doctors Home Visit | VitalAire Arabia,h3,Pregnant women home healthcare,"Caring for pregnant women in their homes and maintaining their comfort to the maximum degree..

Our pregnancy care services aim to provide pregnant women with medical support during pregnancy and to provide;

• Comprehensive laboratory investigations during pregnancy.
• Medicines and vitamins during pregnancy.
• Nutrition services with the design of a nutritional program.

The necessary care to treat various health problems during pregnancy, such as:

. Gastroenteritis, colds and bronchial astma.

. GERD, vomiting and gastritis.

. Sinusitis and urinary tract infection.

. Acute and chronic anemia."
https://sa.vitalaire.com/home-healthcare/doctors-home-visit,Doctors Home Visit | VitalAire Arabia,h3,Tele-Medicine,"As the visual and audio electronic communication between the doctor and the patient helps in enhancing health care, so that members of the medical staff can provide medical consultations and some therapeutic solutions to follow up patients in their homes and provide care according to health developments and supervise various cases to provide a helping hand as soon as possible when access is not possible"
https://sa.vitalaire.com/home-healthcare/doctors-home-visit,Doctors Home Visit | VitalAire Arabia,h3,VitalAire Arabia takes care of you with love.,"VitalAire is the global brand for Air Liquide’s Home Healthcare activities, which supports at home 2.3 million people living with chronic disease in 2025. VitalAire benefits from 40 years of expertise in respiratory diseases (sleep apnea, long-term oxygen therapy, out-of-hospital ventilation), infusion therapies (diabetes, pulmonary arterial hypertension), and community care.

• VitalAire Worldwide
• Air Liquide Saudi Arabia
• Air Liquide Worldwide

• Shop now
• Visit Us

© VitalAire Arabia 2026

• Terms & conditions
• Legal Notice
• Accessibility
• Sitemap
• Manage cookies"
https://sa.vitalaire.com/home-healthcare/nursing-services,Nursing Services | VitalAire Arabia,h1,Nursing Services,
https://sa.vitalaire.com/home-healthcare/nursing-services,Nursing Services | VitalAire Arabia,h2,What Is Home Health Nursing?,Home health nursing is a nursing specialty in which nurses provide multidimensional home care to patients of all ages. Home health care is a cost efficient way to deliver quality care in the convenience of the client's home. Home health nurses create care plans to achieve goals based on the client's diagnosis.
https://sa.vitalaire.com/home-healthcare/nursing-services,Nursing Services | VitalAire Arabia,h3,5 Reasons To Choose Home Health Nursing Services :,"• supports activities of daily living (ADLs).
• Support with diet and nutrition.
• Medication management.
• One-on-one focus and support.
• COMFORT."
https://sa.vitalaire.com/home-healthcare/nursing-services,Nursing Services | VitalAire Arabia,h3,Respiratory care,"VitalAire Arabia provide our clients with innovative healthcare solutions with the use of medical and technical services to meet safety standards and standards of excellence. Our medical team are experts in respiratory treatments such as :

• Oxygen therapy for people with chronic respiratory diseases, especially patients with chronic obstructive pulmonary disease (COPD).
• Continuous positive airway pressure of a patient diagnosed with sleep apnea (CPAP)."
https://sa.vitalaire.com/home-healthcare/nursing-services,Nursing Services | VitalAire Arabia,h3,Home Sleep Test :,A sleep test at home is a type of sleep study done in the comfort of your own home that helps determine if you have obstructive sleep apnea. The test measures a range of body functions such as respiratory rate and heart rate.
https://sa.vitalaire.com/home-healthcare/nursing-services,Nursing Services | VitalAire Arabia,h3,What are the home nursing services offered by VitalAire Arabia?,"Our trained nursing team specialized in many home nursing services provides many highly efficient health services that do not differ from the quality provided in hospitals and health centers, including :

• Medication Administration (Oral / Injections / Infusions)
• Blood Extraction
• Ostomy Care (Tracheostomy/Colostomy etc.)
• Urinary Catheter (Insertion/Removal)
• Wound Dressing
• Bathing & Hygiene Needs
• Geriatric Care
• Respiratory Management (O2 therapy/Suctioning/Nebulization)
• Cancer Care"
https://sa.vitalaire.com/home-healthcare/nursing-services,Nursing Services | VitalAire Arabia,h3,"VitalAire Arabia , Together For A Better Life!","VitalAire is the global brand for Air Liquide’s Home Healthcare activities, which supports at home 2.3 million people living with chronic disease in 2025. VitalAire benefits from 40 years of expertise in respiratory diseases (sleep apnea, long-term oxygen therapy, out-of-hospital ventilation), infusion therapies (diabetes, pulmonary arterial hypertension), and community care.

• VitalAire Worldwide
• Air Liquide Saudi Arabia
• Air Liquide Worldwide

• Shop now
• Visit Us

© VitalAire Arabia 2026

• Terms & conditions
• Legal Notice
• Accessibility
• Sitemap
• Manage cookies"
https://sa.vitalaire.com/home-healthcare/physiotherapy-services,Physiotherapy Services | VitalAire Arabia,h1,Physiotherapy Services,
https://sa.vitalaire.com/home-healthcare/physiotherapy-services,Physiotherapy Services | VitalAire Arabia,h2,Physiotherapy,"is one of the allied health professions. It is provided by physical therapists who promote, maintain, or restore health through physical examination, diagnosis, management, prognosis, patient education, physical intervention, rehabilitation, disease prevention, and health promotion."
https://sa.vitalaire.com/home-healthcare/physiotherapy-services,Physiotherapy Services | VitalAire Arabia,h3,Why to choose home physiotherapy?,"Home visit physiotherapy, also known as home care, is the perfect solution for those who need physical therapy but do not have the ability to reach the hospital, VitalAire Arabia with its specialized team and the latest technology offers you an integrated home health visit service, if you suffer from the pains that hinder you From your daily movement, balance problems or recent surgery, we are here to help you improve your strength and balance and rehabilitate you, together hand in hand for a better life."
https://sa.vitalaire.com/home-healthcare/physiotherapy-services,Physiotherapy Services | VitalAire Arabia,h3,WHO NEEDS PHYSIOTHERAPY?,"• Geriatric Rehabilitation The onset of aging often leads to joint weakness and pain. The elderly in VitalAire Arabia are in the center of our hearts and one of our top priorities because they are more vulnerable to minor accidents that need physiotherapy intervention.
• Muscular System Injuries Some of us are often exposed to muscle injuries in our various daily activities, some injuries may be a reason to disrupt our daily tasks, including muscle tension, physiotherapy helps you to get rid of everything that hinders you to enjoy a life without pain.
• Neurologic Diseases Physical therapy for nervous system injuries is the treatment of patients with a neurological disorder. Neurological disorders are those that affect the brain, spinal cord, and nerves. Such as stroke, multiple sclerosis and Parkinson's disease, with our team specialized in neurological conditions, we provide you with the best health care methods for various neurological injuries.
• Stroke Rehabilitation A variety of health care plans that play an integral role in stroke treatment, such as rehabilitation and physical therapy. Muscle-strengthening exercises can help relieve muscle tension and maintain your strength and flexibility. It also includes balance exercises, neuromotor coordination exercises, and many other treatments.
• Orthopedic injuries.
• Spinal cord injuries.
• Rehabilitation of lower back & neck pain.
• Facial Palsy Injuries.
• Rehabilitation of skeletal system.
• Rehabilitation after fractures and after operations.
• Shoulder Dislocation Rehabilitation for osteoarthritis.
• Pediatric Rehabilitation.
• Rehabilitation of total knee replacement.
• Rehabilitation of Sport injuries.
• Women health program.

Orthopedic injuries.

Spinal cord injuries.

Rehabilitation of lower back & neck pain.

Facial Palsy Injuries.

Rehabilitation of skeletal system.

Rehabilitation after fractures and after operations.

Shoulder Dislocation Rehabilitation for osteoarthritis.

Pediatric Rehabilitation.

Rehabilitation of total knee replacement.

Rehabilitation of Sport injuries.

Women health program.

Together, for A better life!

VitalAire is the global brand for Air Liquide’s Home Healthcare activities, which supports at home 2.3 million people living with chronic disease in 2025. VitalAire benefits from 40 years of expertise in respiratory diseases (sleep apnea, long-term oxygen therapy, out-of-hospital ventilation), infusion therapies (diabetes, pulmonary arterial hypertension), and community care.

• VitalAire Worldwide
• Air Liquide Saudi Arabia
• Air Liquide Worldwide

• Shop now
• Visit Us

© VitalAire Arabia 2026

• Terms & conditions
• Legal Notice
• Accessibility
• Sitemap
• Manage cookies"
https://sa.vitalaire.com/what-diabetes,What is Diabetes? | VitalAire Arabia,h1,What is Diabetes?,"Diabetes is a serious, chronic condition that affects millions of people around the world.

It is very common — an estimated 537 million adults worldwide have some form of diabetes, and new cases are increasing by an average of 3% each year.

Diabetes is a long-term condition that causes blood glucose levels to be raised. The condition occurs when the pancreas cannot produce enough insulin, the hormone that lowers blood glucose, or when the body cannot effectively use the insulin.

There are different types of diabetes. You can find out about the main types of diabetes — including causes, symptoms and treatments — below.

About 5–10% of people with diabetes have type 1. It is caused by the body’s immune system attacking and destroying cells in the pancreas, which means the body can’t produce enough (and most of the time, any) insulin.

The exact reason of type 1 diabetes currently isn’t known. However, risk factors for developing type 1 include your family history, ethnicity and a history of certain viral infections in childhood. The majority of type 1 diabetes occurs in children and adolescents. At the moment there is no treatment that can prevent you from getting type 1 diabetes.

Every person is different, but there are some characteristic symptoms that are often present when type 1 diabetes starts. These can include excessive thirst and urination, weight loss, constant hunger, fatigue and vision changes.

People with type 1 diabetes need to take insulin every day to regulate the amount of glucose in their blood. This is typically administered either as injections or as a continuous infusion under the skin, through insulin pump therapy (also known as CSII — continuous subcutaneous insulin infusion).

Reaching blood glucose targets is very important in preventing and slowing the complications of diabetes. If you are diagnosed with type 1 diabetes, your healthcare team will teach you about important concepts such as adapting your insulin dose to your carbohydrate intake, pre-meal blood glucose, and any anticipated activity that you might undertake.

Type 2 diabetes accounts for the majority of cases around the world — almost 90% of diabetes cases worldwide are type 2 diabetes.

It is caused when the body becomes resistant to the effects of insulin, which cannot be overcome by producing more insulin.

At the beginning, type 2 diabetes often has no symptoms at all. It develops slowly and there can often be a long period of time where the condition is undetected and undiagnosed. Instead, some people may be diagnosed after contacting their healthcare team because of complications of the condition, such as problems with their heart or vision.

There are two types of risk factors for type 2 diabetes — those that cannot be changed and those that can be changed, such as lifestyle choices [3]. Risk factors that can’t be changed include:

• Age
• Gender
• Ethnicity
• Family history of diabetes
• If you have had diabetes in pregnancy
• If you were born with a low birth weight
• Changeable and lifestyle risk factors for type 2 diabetes are: Increased body mass index (BMI) Low physical activity Poor nutrition High blood pressure Smoking Alcohol use

• Increased body mass index (BMI)
• Low physical activity
• Poor nutrition
• High blood pressure
• Smoking
• Alcohol use

Unlike type 1 diabetes, there are effective ways to prevent type 2 diabetes. Trials have shown that individuals at high risk of developing type 2 diabetes can significantly reduce their risk with certain interventions, such as lifestyle modification programs.

Regular physical activity reduces the risk of diabetes and high glycaemia, and is an important contributor to weight management, another risk factor for diabetes.

Type 2 diabetes needs to be managed. Most people will start with lifestyle changes, such as exercise or weight-loss education, as the first line of treatment. However, if these changes don’t help you achieve or maintain your blood glucose targets, medications will be used as a second line of treatment.

The management of type 2 diabetes can involve several different medications. If blood glucose is very high or causing symptoms, then insulin may be started as the first treatment. Eventually, many people with type 2 diabetes end up taking insulin as their treatment.

Gestational diabetes is a temporary condition that starts or is first recognized in pregnancy. It is usually detected and diagnosed through prenatal health screening, rather than reported symptoms.

People with gestational diabetes have an increased risk of some complications during pregnancy and delivery. These complications can also affect the baby.

There are several things that need to be monitored if a person has gestational diabetes. These include:

• Daily self-monitoring of blood glucose levels
• Ultrasound scans to assess how the baby is growing
• Monitoring of blood pressure and protein in the urine

Management for gestational diabetes includes:

• Nutritional counselling to ensure that the calories in food are enough to meet the needs of pregnancy while helping to achieve target blood glucose goals
• Insulin treatment may be started if nutritional therapy is not sufficient to manage blood glucose
• Ensuring that the baby is delivered at the right time, which is usually during the 38th week of being pregnant unless there is a reason for the baby to be born earlie

Diabetes mellitus refers to a group of diseases that affect how the body uses blood sugar (glucose). Glucose is an important source of energy for the cells that make up the muscles and tissues. It's also the brain's main source of fuel.

The main cause of diabetes varies by type. But no matter what type of diabetes you have, it can lead to excess sugar in the blood. Too much sugar in the blood can lead to serious health problems.

Chronic diabetes conditions include type 1 diabetes and type 2 diabetes. Potentially reversible diabetes conditions include prediabetes and gestational diabetes. Prediabetes happens when blood sugar levels are higher than normal. But the blood sugar levels aren't high enough to be called diabetes. And prediabetes can lead to diabetes unless steps are taken to prevent it. Gestational diabetes happens during pregnancy. But it may go away after the baby is born.

Click this link to see the list of signs and symptoms.

The early detection of diabetes and initiation of treatment is extremely important in the management of diabetes and prevention of complications.

Diabetes is a serious, chronic condition that affects millions of people, with an estimated 537 million living with diabetes across the world. Out of this, there are thought to be 240 million people living with undiagnosed diabetes — meaning that almost one-in-two adults with diabetes are unaware they have the condition. The number of people with diabetes is increasing by about 3% every year.

Diagnosing diabetes can involve a number of different tests. Click this link to learn more about how Diabetes is diagnosed.

Diabetes is a group of conditions that are characterized by high blood glucose (also known as ‘glycaemia’), which is caused by problems with insulin — a hormone produced by the pancreas in order to regulate blood glucose — and/or the receptors targeted by insulin. If someone has diabetes, their body cannot produce any or enough of the hormone insulin, or use insulin effectively.

Type 1 diabetes, which makes up 5–10% of cases, is caused by the immune system attacking the insulin-producing cells of the pancreas. Type 2 diabetes, which is about 90–95% of diagnoses, is due to a combination of resistance to the effects of insulin with some level of insulin secretion problems.

There are a number of treatments available that can help manage diabetes. Click this link to know more about treatment and management for diabetes.

Diabetes of all types can lead to complications in many different parts of the body.

Acute (short-term) complications can include conditions related to high blood glucose such as diabetic ketoacidosis (DKA) and hyperosmolar coma. Low blood glucose can also occur in all types of diabetes and may result in loss of consciousness or seizures.

Long-term complications can be classified as either microvascular or macrovascular. Microvascular complications include nervous system damage (neuropathy), kidney problems and renal system damage (nephropathy) and vision issues (retinopathy). Macrovascular complications include cardiovascular disease, stroke, and peripheral vascular disease — which may lead to infection and injury that don’t heal, especially in the feet.

While a long list of complications can seem scary, there are things that you can do to reduce the risk of these problems occurring. Improving your blood glucose levels, blood pressure and cholesterol levels can all reduce your risk of complications. Good management of your diabetes using medicines, following a healthy lifestyle, self-care, and regular screening can help to prevent complications from diabetes.

A landmark trial for people with type 1 diabetes, carried out in the late 1980s and 90s, showed that meticulous glycemic management reduced the risks of eye, kidney and nerve damage by between 30 and 90%.

Diabetes is a very common condition, shared by millions of people worldwide. There are different types of diabetes.

Diabetes can cause a range of complications, but it is important to know that there are a number of actions you can take to reduce your risk of complications significantly.

Whether you have type 1, type 2, or gestational diabetes, your healthcare team will support you with the management of your condition and answer any questions that you might have.

VitalAire is the global brand for Air Liquide’s Home Healthcare activities, which supports at home 2.3 million people living with chronic disease in 2025. VitalAire benefits from 40 years of expertise in respiratory diseases (sleep apnea, long-term oxygen therapy, out-of-hospital ventilation), infusion therapies (diabetes, pulmonary arterial hypertension), and community care.

• VitalAire Worldwide
• Air Liquide Saudi Arabia
• Air Liquide Worldwide

• Shop now
• Visit Us

© VitalAire Arabia 2026

• Terms & conditions
• Legal Notice
• Accessibility
• Sitemap
• Manage cookies"
https://sa.vitalaire.com/diabetes/continuous-glucose-monitoring-cgm/what-real-time-continuous-glucose-monitoring,What is real time Continuous Glucose Monitoring? | VitalAire Arabia,h1,What is real time Continuous Glucose Monitoring?,"It is measuring glucose levels in real time, day and night by using a medical device: it basically consists of a subcutaneous glucose sensor, a transmitter and a receiver. Using a continuous glucose monitoring system helps living healthier with diabetes.

The glucose sensor has the size of a filament, it contains an enzyme - the glucose oxidase - that reacts with the presence of glucose inside the interstitial fluid, then an electric signal is liberated as much as there is glucose in the subcutaneous tissue.

The Transmitter receives the electrical signal from the sensor and sends it to the receiver.

The receiver can be either a dedicated receiver or a compatible smartphone : the role of the receiver is to display the glucose data every 5 minutes, the trend arrow indicating the direction and rate of change of glucose and the latest data in graphical format.

Mobile devices allow glucose data to be forwarded and to be shared by people in the family environment or with other caregivers. To help you better control your diabetes, Dexcom G6 is the best choice.

VitalAire is the global brand for Air Liquide’s Home Healthcare activities, which supports at home 2.3 million people living with chronic disease in 2025. VitalAire benefits from 40 years of expertise in respiratory diseases (sleep apnea, long-term oxygen therapy, out-of-hospital ventilation), infusion therapies (diabetes, pulmonary arterial hypertension), and community care.

• VitalAire Worldwide
• Air Liquide Saudi Arabia
• Air Liquide Worldwide

• Shop now
• Visit Us

© VitalAire Arabia 2026

• Terms & conditions
• Legal Notice
• Accessibility
• Sitemap
• Manage cookies"
https://sa.vitalaire.com/diabetes/continuous-glucose-monitoring-cgm/why-continuous-glucose-monitoring,Why a Continuous Glucose Monitoring? | VitalAire Arabia,h1,Why a Continuous Glucose Monitoring?,"Continuous Glucose Monitoring systems (CGMs) changed the way we manage diabetes. CGMs can be used independently or integrated into devices for continuous insulin infusion like insulin pumps and Advanced Hybrid Closed Loop systems, or other connected diabetes devices. Moreover, CGMs can be better adjusted to personal or professional use for better blood glucose monitoring for different reasons.

VitalAire is the global brand for Air Liquide’s Home Healthcare activities, which supports at home 2.3 million people living with chronic disease in 2025. VitalAire benefits from 40 years of expertise in respiratory diseases (sleep apnea, long-term oxygen therapy, out-of-hospital ventilation), infusion therapies (diabetes, pulmonary arterial hypertension), and community care.

• VitalAire Worldwide
• Air Liquide Saudi Arabia
• Air Liquide Worldwide

• Shop now
• Visit Us

© VitalAire Arabia 2026

• Terms & conditions
• Legal Notice
• Accessibility
• Sitemap
• Manage cookies"
https://sa.vitalaire.com/uses-and-advantages-cgm,Uses and Advantages of CGM | VitalAire Arabia,h1,Uses and Advantages of CGM,"Due to the fact that the information provided by the continuous glucose measurement systems is uninterrupted and the technology of these systems is increasingly more robust, the use of these devices extends to various clinical situations and others related to the lifestyle of people with diabetes.

Depending on the features offered by the device, the advantages of use can be:

• Avoiding hypoglycemia, especially at night or due to physical activity, with the programming of alarms associated with low glucose levels and/or rapid fall trends.
• Improving the control of glycated hemoglobin (HbA1c), a therapeutic objective associated with the prevention of complications in patients with diabetes.
• Remotely following a patient’s glucose level, especially useful for parents of children with diabetes, by getting their glucose data real time, alerts and alarm as well.
• Identifying and studying patterns for professional clinical decision making and inquiring about their possible causes, in collaboration with the healthcare professionals in charge of the patient living with diabetes. This will lead to a better diabetes management, be it for basal insulin dose adjustments, treatment schemes or management of more complex clinical situations.

VitalAire is the global brand for Air Liquide’s Home Healthcare activities, which supports at home 2.3 million people living with chronic disease in 2025. VitalAire benefits from 40 years of expertise in respiratory diseases (sleep apnea, long-term oxygen therapy, out-of-hospital ventilation), infusion therapies (diabetes, pulmonary arterial hypertension), and community care.

• VitalAire Worldwide
• Air Liquide Saudi Arabia
• Air Liquide Worldwide

• Shop now
• Visit Us

© VitalAire Arabia 2026

• Terms & conditions
• Legal Notice
• Accessibility
• Sitemap
• Manage cookies"
https://sa.vitalaire.com/diabetes/continuous-glucose-monitoring-cgm/our-products-and-services,Our Products and Services | VitalAire Arabia,h1,Our Products and Services,"DEXCOM G6 Continuous Glucose Monitoring System (CGM) is the best in class device for Diabetes Management with ZERO finger pricking, and zero scanning.

The Dexcom G6 CGM is approved to be used starting at age 2 years old, in patients living with diabetes.

DEXCOM G6 HELPING YOU STAY IN CONTROL:

• Real-time readings with just a quick glance at your smartphone or watch, you can see where your glucose levels are, where they are heading and how fast you can take action. Friends and loved ones can monitor your glucose and trends remotely using the Follow App, in a real time manner.
• Exceptional accuracy you can make treatment decisions when your glucose is high / low or rapidly rising / falling
• Zero finger pricking nor scanning enjoy the freedom of managing your diabetes without calibrations and with zero fingersticks, even for diabetes treatment decisions.
• Multiple insertion sites for discretion and patient preference : abdomen, back of the upper arm, and upper buttocks.
• High and low alerts your Dexcom G6 gives you the power to customize your alerts so you can know when you’re high or low.
• Urgent low soon alert sometimes, glucose can fall quickly. A predictive Urgent Low Soon alert can warn you up to 20 minutes prior to a serious hypoglycemia
• Slim device profile the Dexcom G6 transmitter has a lower profile. It is 28% slimmer than the previous generation product.
• Share glucose data with Dexcom Share, patients can share their glucose data and alerts with up to 10 followers, for added peace of mind and more safety.
• Interoperability integration with multiple insulin pumps and Automated Insulin Delivery systems (Closed-Loop)"
https://sa.vitalaire.com/diabetes/continuous-glucose-monitoring-cgm/our-products-and-services,Our Products and Services | VitalAire Arabia,h3,VitalAire Arabia is the Exclusive distributor of the Dexcom G6 CGMs in the Kingdom of Saudi Arabia.,VitalAire Arabia proposes initiation and follow-up services in addition to technical support to ensure a seamless experience while using the Dexcom G6 system.
https://sa.vitalaire.com/diabetes/continuous-glucose-monitoring-cgm/our-products-and-services,Our Products and Services | VitalAire Arabia,h3,"CONTACT US , our diabetes team will be happy to provide you with the support you may need.","* If your glucose alerts and readings from the G6 do not match symptoms or expectations, use a blood glucose meter to make diabetes treatment decisions."
https://sa.vitalaire.com/diabetes/continuous-glucose-monitoring-cgm/our-products-and-services,Our Products and Services | VitalAire Arabia,h3,VitalAire Arabia proposes initiation and follow-up services in addition to technical support to ensure a seamless experience while using the Dexcom G6 system.,"VitalAire is the global brand for Air Liquide’s Home Healthcare activities, which supports at home 2.3 million people living with chronic disease in 2025. VitalAire benefits from 40 years of expertise in respiratory diseases (sleep apnea, long-term oxygen therapy, out-of-hospital ventilation), infusion therapies (diabetes, pulmonary arterial hypertension), and community care.

• VitalAire Worldwide
• Air Liquide Saudi Arabia
• Air Liquide Worldwide

• Shop now
• Visit Us

© VitalAire Arabia 2026

• Terms & conditions
• Legal Notice
• Accessibility
• Sitemap
• Manage cookies"
https://sa.vitalaire.com/what-insulin-pump,What is an Insulin Pump? | VitalAire Arabia,h1,What is an Insulin Pump?,"For people living with diabetes who are tired of injections, an insulin pump can bring welcomed relief. Insulin pumps are small, computerized devices that deliver insulin in two ways:

• In a steady measured and continuous dose (the ""basal"" insulin), or
• As a surge (""bolus"") dose, at your direction, around mealtime.

Doses are delivered through a flexible plastic tube called a catheter. With the aid of a small needle, the catheter is inserted through the skin into the fatty tissue and is taped in place. The tube/needle combination is called an infusion set. The pumps can release small doses of insulin continuously (basal), or a bolus dose close to mealtime to control the rise in blood glucose (blood sugar) after a meal. This delivery mimics the body's normal release of insulin. The insulin pump may integrate with your continuous glucose monitor (CGM) to help understand how your blood glucose is being affected and change the amount of insulin in some cases. Pumps can help some people reach their blood glucose targets and many people prefer this continuous system of insulin delivery over injections.

Know more about Continuous Glucose Monitoring (CGM) .

Click here to know about the best in calls insulin pump .

VitalAire is the global brand for Air Liquide’s Home Healthcare activities, which supports at home 2.3 million people living with chronic disease in 2025. VitalAire benefits from 40 years of expertise in respiratory diseases (sleep apnea, long-term oxygen therapy, out-of-hospital ventilation), infusion therapies (diabetes, pulmonary arterial hypertension), and community care.

• VitalAire Worldwide
• Air Liquide Saudi Arabia
• Air Liquide Worldwide

• Shop now
• Visit Us

© VitalAire Arabia 2026

• Terms & conditions
• Legal Notice
• Accessibility
• Sitemap
• Manage cookies"
https://sa.vitalaire.com/diabetes/tandem-tslim-x2-insulin-pump/what-advanced-hybrid-closed-loop,What is Advanced Hybrid Closed Loop? | VitalAire Arabia,h1,What is Advanced Hybrid Closed Loop?,
https://sa.vitalaire.com/diabetes/tandem-tslim-x2-insulin-pump/what-advanced-hybrid-closed-loop,What is Advanced Hybrid Closed Loop? | VitalAire Arabia,h2,Know More About Tandem T:slim X2,"The tslim X2 Insulin pump with interoperable technology is an alternate controller enabled (ACE) pump that is intended for the subcutaneous delivery of insulin, at set and variable rates, for the management of diabetes mellitus in people requiring insulin. The pump is able to reliably and securely communicate with compatible, digital devices, including automated insulin dosing software to receive, execute, and confirm commands from these devices.

The t:slim X2 insulin pump is made up of the t:slim X2 insulin pump, the t:slim X2 3mL (300 units) cartridge, and a compatible infusion set. The combination of the t:slim X2 pump with Control-IQTM technology and a compatible continuous glucose monitor (CGM).

Advanced Hybrid Closed-Loop system (AHCL) insulin pump automatically adjusts insulin delivery rates in response to predicted sensor glucose readings 30 minutes ahead and can deliver an automatic correction bolus. The pump can be used with or without Control-IQ technology enabled. Basal-IQ® technology and a compatible continuous glucose monitor (CGM) may be referred to as the “System.” The pump delivers insulin in two ways: basal insulin delivery (continuous) and bolus insulin delivery. The t:slim X2 insulin pump is protected against defects in materials and workmanship, under normal use, for the period of 4 years from the original date of shipment of the pump to the original end use purchaser.

Advanced Hybrid Closed-Loop system (AHCL) designed to help increase time in range (70 - 180 mg/dL) using Dexcom G6 CGM values to predict glucose levels 30 minutes ahead with zero finger bricks and adjust insulin delivery accordingly, including delivery of automatic boluses, up to one per hour.

VitalAire is the global brand for Air Liquide’s Home Healthcare activities, which supports at home 2.3 million people living with chronic disease in 2025. VitalAire benefits from 40 years of expertise in respiratory diseases (sleep apnea, long-term oxygen therapy, out-of-hospital ventilation), infusion therapies (diabetes, pulmonary arterial hypertension), and community care.

• VitalAire Worldwide
• Air Liquide Saudi Arabia
• Air Liquide Worldwide

• Shop now
• Visit Us

© VitalAire Arabia 2026

• Terms & conditions
• Legal Notice
• Accessibility
• Sitemap
• Manage cookies"
https://sa.vitalaire.com/diabetes/insulin-pump/our-products-and-services,Our Products and Services | VitalAire Arabia,h1,Our Products and Services,"Care service provided by a multidisciplinary team from VitalAire Arabia:

• Provide education sessions to patients, families and health care professionals.
• Follow-up through personalized care plans agreed with the doctors in order to ensure better adherence to treatment.
• Send reports to HCPs with actionable insights for better health outcomes.

Contact Us, Our Team will be happy to provide you with the support you may need.

All VitalAire Arabia's training materials are designed by experts and the training sessions are given by a team of doctors, pharmacists and health educators.

• Providing best in class devices, easy to learn , easy to teach and real world data
• Optimizing data management with one report for all devices
• Improving the quality of life and wellbeing of patients and their careers Order Now"
https://sa.vitalaire.com/diabetes/insulin-pump/our-products-and-services,Our Products and Services | VitalAire Arabia,h3,"Providing best in class devices, easy to learn , easy to teach and real world data",
https://sa.vitalaire.com/diabetes/insulin-pump/our-products-and-services,Our Products and Services | VitalAire Arabia,h3,Optimizing data management with one report for all devices,
https://sa.vitalaire.com/diabetes/insulin-pump/our-products-and-services,Our Products and Services | VitalAire Arabia,h3,Improving the quality of life and wellbeing of patients and their careers Order Now,"VitalAire is the global brand for Air Liquide’s Home Healthcare activities, which supports at home 2.3 million people living with chronic disease in 2025. VitalAire benefits from 40 years of expertise in respiratory diseases (sleep apnea, long-term oxygen therapy, out-of-hospital ventilation), infusion therapies (diabetes, pulmonary arterial hypertension), and community care.

• VitalAire Worldwide
• Air Liquide Saudi Arabia
• Air Liquide Worldwide

• Shop now
• Visit Us

© VitalAire Arabia 2026

• Terms & conditions
• Legal Notice
• Accessibility
• Sitemap
• Manage cookies"
https://sa.vitalaire.com/sleep-apnea/sleep-apnea/what-sleep-apnea,What is Sleep Apnea? | VitalAire Arabia,h1,What is Sleep Apnea?,
https://sa.vitalaire.com/sleep-apnea/sleep-apnea/what-sleep-apnea,What is Sleep Apnea? | VitalAire Arabia,h2,Why do we sleep?,
https://sa.vitalaire.com/sleep-apnea/sleep-apnea/what-sleep-apnea,What is Sleep Apnea? | VitalAire Arabia,h2,Sleep Apnea explained in 1 minute,"Sleep Apnea is an involuntary pause in breathing during sleep for at least 10 seconds. Obstructive Sleep Apnea (OSA) is the most common type, caused by an obstruction of the airways in the throat region (1,2) , it happens when the muscles relax during sleep.

Airflow is obstructed or reduced, causing vibrations that result in snoring during sleep and a drop in oxygen. The brain senses this lack of oxygen and responds with sudden, unconscious, short-lived “micro-awakenings” called resuscitative snoring to restore breathing. The repeated occurrence of frequent interruptions of breathing during the night breaks the sleep pattern, which ceases to be a restorative activity."
https://sa.vitalaire.com/sleep-apnea/sleep-apnea/what-sleep-apnea,What is Sleep Apnea? | VitalAire Arabia,h2,Watch this video to know more about Sleep Apnea.,"• American Sleep Association (ASA) https://www.sleepassociation.org/about-sleep/what-is-sleep/
• Rules for Scoring Respiratory Events in Sleep: Update of the 2007 AASM Manual for Scoring of Sleep and Associated Events – Journal of Clinical Sleep Medicine, Vol. 8, No. 5, 2012 https://www.sleepassociation.org/about-sleep/what-is-sleep/

VitalAire is the global brand for Air Liquide’s Home Healthcare activities, which supports at home 2.3 million people living with chronic disease in 2025. VitalAire benefits from 40 years of expertise in respiratory diseases (sleep apnea, long-term oxygen therapy, out-of-hospital ventilation), infusion therapies (diabetes, pulmonary arterial hypertension), and community care.

• VitalAire Worldwide
• Air Liquide Saudi Arabia
• Air Liquide Worldwide

• Shop now
• Visit Us

© VitalAire Arabia 2026

• Terms & conditions
• Legal Notice
• Accessibility
• Sitemap
• Manage cookies"
https://sa.vitalaire.com/oxygen-therapy/what-home-oxygen-therapy,What is Home oxygen therapy ? | VitalAire Arabia,h1,What is Home oxygen therapy ?,"Home oxygen therapy is a treatment for advanced respiratory failure managed at home. The oxygen supply compensates for pulmonary failures and improves the functioning of all your organs, which quickly translates into relief of symptoms: you are less tired, you have more energy and tone. Oxygen therapy can correct hematosis by improving the balance of gas exchange between air and blood.

Oxygen therapy involves inhaling oxygen-enriched air to correct hypoxemia (lack of oxygen in the blood) when it is severe."
https://sa.vitalaire.com/oxygen-therapy/what-home-oxygen-therapy,What is Home oxygen therapy ? | VitalAire Arabia,h2,Short-term therapy,
https://sa.vitalaire.com/oxygen-therapy/what-home-oxygen-therapy,What is Home oxygen therapy ? | VitalAire Arabia,h2,Long term oxygen therapy,"VitalAire is the global brand for Air Liquide’s Home Healthcare activities, which supports at home 2.3 million people living with chronic disease in 2025. VitalAire benefits from 40 years of expertise in respiratory diseases (sleep apnea, long-term oxygen therapy, out-of-hospital ventilation), infusion therapies (diabetes, pulmonary arterial hypertension), and community care.

• VitalAire Worldwide
• Air Liquide Saudi Arabia
• Air Liquide Worldwide

• Shop now
• Visit Us

© VitalAire Arabia 2026

• Terms & conditions
• Legal Notice
• Accessibility
• Sitemap
• Manage cookies"
https://sa.vitalaire.com/oxygen-therapy/what-home-oxygen-therapy/our-products-and-services,Our Products and Services | VitalAire Arabia,h1,Our Products and Services,"VitalAire Arabia offers invasive (IV) and non-invasive (NIV) ventilation to treat a wide range of patients from pediatrics to adults. We offer ventilation devices to provide you with the most successful treatment.

CONTACT US, Our team will be happy to provide you with the support you may need."
https://sa.vitalaire.com/oxygen-therapy/what-home-oxygen-therapy/our-products-and-services,Our Products and Services | VitalAire Arabia,h3,Our Offers,"We have three ventilation programs for you to gain the maximum benefit out of your therapy.

• VT1 | includes the supply of the ventilation or bipap device and it’s accessories
• VT2 | includes VT1 + a complete therapy management program offered at both the hospital and at home. At the hospital stage we will help you set up and titrate to reach the targeted phase. We will then set you up at home, provide you with safety and operation education, follow up regarding your treatment, and schedule a home visit every 3 months
• VT3 | includes VT1 and VT2 + offers an excellence program that includes oximetry tests, 24/7 customer service and support, and replacement of device

*(VT1, VT2, VT3) offer codes used for official service requests"
https://sa.vitalaire.com/oxygen-therapy/what-home-oxygen-therapy/our-products-and-services,Our Products and Services | VitalAire Arabia,h3,Order Now,"VitalAire is the global brand for Air Liquide’s Home Healthcare activities, which supports at home 2.3 million people living with chronic disease in 2025. VitalAire benefits from 40 years of expertise in respiratory diseases (sleep apnea, long-term oxygen therapy, out-of-hospital ventilation), infusion therapies (diabetes, pulmonary arterial hypertension), and community care.

• VitalAire Worldwide
• Air Liquide Saudi Arabia
• Air Liquide Worldwide

• Shop now
• Visit Us

© VitalAire Arabia 2026

• Terms & conditions
• Legal Notice
• Accessibility
• Sitemap
• Manage cookies"
https://sa.vitalaire.com/mechanical-ventilation/ventilation-treatment,Ventilation Treatment | VitalAire Arabia,h1,Ventilation Treatment,
https://sa.vitalaire.com/mechanical-ventilation/ventilation-treatment,Ventilation Treatment | VitalAire Arabia,h3,What is Non-Invasive Ventilation?,
https://sa.vitalaire.com/mechanical-ventilation/ventilation-treatment,Ventilation Treatment | VitalAire Arabia,h3,Advantages of Home Based Ventilation,"• Reducing the risk of contracting a hospital infection
• Improved nutrition, adaptable to patient’s needs
• Less costly
• Home/family atmosphere which improves the patient’s psychology and attitude towards the illness
• Increased willingness for rehabilitation

The machine does not do the breathing for you. It gently boosts each breath in and out to reduce the work that you have to do. It can feel a bit strange or even uncomfortable to begin with. However, most people find that they get used to it fairly quickly."
https://sa.vitalaire.com/mechanical-ventilation/ventilation-treatment,Ventilation Treatment | VitalAire Arabia,h3,Benefits of Non-invasive ventilation (NIV),
https://sa.vitalaire.com/mechanical-ventilation/ventilation-treatment,Ventilation Treatment | VitalAire Arabia,h3,Modes of Invasive Ventilation?,"Controlled IV: the respiratory flow rate is irrespective of the patient’s respiratory efforts. The volume and respiratory rate are adjusted according to the patient’s needs Assisted IV: the patient initiates the breath and the ventilator assists each breath based on the rate setting.

VitalAire is the global brand for Air Liquide’s Home Healthcare activities, which supports at home 2.3 million people living with chronic disease in 2025. VitalAire benefits from 40 years of expertise in respiratory diseases (sleep apnea, long-term oxygen therapy, out-of-hospital ventilation), infusion therapies (diabetes, pulmonary arterial hypertension), and community care.

• VitalAire Worldwide
• Air Liquide Saudi Arabia
• Air Liquide Worldwide

• Shop now
• Visit Us

© VitalAire Arabia 2026

• Terms & conditions
• Legal Notice
• Accessibility
• Sitemap
• Manage cookies"
https://sa.vitalaire.com/ventilation/services-products,Services & Products | VitalAire Arabia,h1,Services & Products,Our Services & Products In Hospitals Includes :
https://sa.vitalaire.com/ventilation/services-products,Services & Products | VitalAire Arabia,h2,V60 Ventilator,"The Respironics V60 ventilator is a microprocessor-controlled, bilevel positive airway pressure (BIPAP) ventilatory assist system that provides noninvasive positive pressure ventilation (NPPV) and invasive ventilatory support for spontaneously breathing adult and pediatric patients."
https://sa.vitalaire.com/ventilation/services-products,Services & Products | VitalAire Arabia,h2,V680 Ventilator,"V680 is a critical care ventilator that combined a single-limb NIV with a fully featured dual-limb system to deliver life support for critically ill patients in the ICU. The V680 can easily and quickly switch from invasive to noninvasive ventilation. This ventilator provides continuous measurements of dynamic resistance, compliance, elastance, and plateau pressure in both single and dual-limb invasive and noninvasive modes."
https://sa.vitalaire.com/ventilation/services-products,Services & Products | VitalAire Arabia,h2,Trilogy 202 ventilator,Trilogy 202 is both a volume-control &amp; pressure-control ventilator for invasive and non-invasive ventilation. Versatile breath delivery and setup options provide greater continuity of care.
https://sa.vitalaire.com/ventilation/services-products,Services & Products | VitalAire Arabia,h2,Trilogy EVO 300,"Trilogy EV300 ventilator delivers enhanced performance in noninvasive (NIV) and invasive (IV) ventilation, so patients can be treated with a single device throughout their hospital stay, regardless of changing conditions. Trilogy EV300 is designed to stay with your patients, saving your staff time and effort as patients move between hospital departments.

CONTACT US, Our team will be happy to provide you with the support you may need."
https://sa.vitalaire.com/ventilation/services-products,Services & Products | VitalAire Arabia,h3,Order Now,"VitalAire is the global brand for Air Liquide’s Home Healthcare activities, which supports at home 2.3 million people living with chronic disease in 2025. VitalAire benefits from 40 years of expertise in respiratory diseases (sleep apnea, long-term oxygen therapy, out-of-hospital ventilation), infusion therapies (diabetes, pulmonary arterial hypertension), and community care.

• VitalAire Worldwide
• Air Liquide Saudi Arabia
• Air Liquide Worldwide

• Shop now
• Visit Us

© VitalAire Arabia 2026

• Terms & conditions
• Legal Notice
• Accessibility
• Sitemap
• Manage cookies"
https://sa.vitalaire.com/ar,فيتـالير العربية | VitalAire Arabia,h1,VitalAire Arabia,
https://sa.vitalaire.com/ar,فيتـالير العربية | VitalAire Arabia,h2,مرحبـاً بكم في فيتالـير العربية !,
https://sa.vitalaire.com/ar,فيتـالير العربية | VitalAire Arabia,h2,الرعاية الصحية ايرليكـيد,بيان صحفي
https://sa.vitalaire.com/ar,فيتـالير العربية | VitalAire Arabia,h3,تخطط شركة فايتالير العربية ووزارة الصحة السعودية لإطلاق مركز التميز الجديد لمرض السكري,"وقعت شركة فايتالير العربية ووزارة الصحة السعودية في الرياض مذكرة تفاهم لإنشاء مركز التميز لمرض السكري يهدف إلى تعزيز رعاية المرضى النتائج، وتقديم خدمات صحية عالية الجودة للمرضى الذين يعانون من مرض السكري.

يتوقع مركز التميز لمرض السكري علاج أكثر من 6000 مريض يعانون من مرض السكري من النوع الأول. وبالتعاون مع وزارة الصحة، سينصب تركيزنا على تحسين رحلة المريض، وتنفيذ برنامج تعليمي، واقتراح خطط رعاية للمرضى، وقياس النتائج المهمة لصحة المرضى وجودة حياتهم."
https://sa.vitalaire.com/ar,فيتـالير العربية | VitalAire Arabia,h3,اضغط هنا لقراءة البيان الصحفي,
https://sa.vitalaire.com/ar,فيتـالير العربية | VitalAire Arabia,h2,من نحن؟,"فيتـالير العربية هي الكيان السعودي للعلامة التجارية فيتـالير.

فيتـالير هي علامة تجارية دولية لأنشطة الرعاية المنزلية لمجموعة ايرليكـويد التي تتخصص في مرض السكري وتوقف النفس أثناء النوم والعلاج بالأكسجين والتهوية وخدمات الرعاية الصحية المنزلية."
https://sa.vitalaire.com/ar,فيتـالير العربية | VitalAire Arabia,h2,مُهمتنا,تتمثل مهمة فيتـالير العربية في تقديم أفضل الخدمات والحلول لرعاية مرضى السكري وإدارة توقف النفس أثناء النوم والرعاية التنفسية للمرضى، تعتني فيتـالير العربية بمرضاها من خلال الجمع بين خدمات وتقنيات الرعاية المبتكرة.
https://sa.vitalaire.com/ar,فيتـالير العربية | VitalAire Arabia,h2,الرؤيـة,تلتزم شركة فايتالير العربية بجعل المرضى على رأس الأولويات في كل ما نفعله. ونُقدِّم نهجًا جماعيًّا فريدًا يركز على المريض؛ لمساعدتهم على الاستمتاع بجودة حياة أفضل أثناء تلقي علاج الأمراض المزمنة في المنزل. تعمل شركة فايتالير العربية على تحسين القيمة في الرعاية الصحية لصالح المرضى وتقليل التكلفة لنظام الرعاية الصحية.
https://sa.vitalaire.com/ar,فيتـالير العربية | VitalAire Arabia,h3,حُلولنا :,"• إدارة مرض السكري ، للمرضى المعالجين بالأنسولين
• جهاز الضغط الهوائي الإيجابي المستمر (CPAP) للمرضى المصابين بانقطاع النفس الانسدادي النومي
• تهوية منزلية للمرضى المصابين بفشل تنفسي مزمن
• العلاج بالأكسجين طويل الأمد للأشخاص الذين يعانون من أمراض الجهاز التنفسي المزمنة ، وخاصة المرضى المصابين بمرض الانسداد الرئوي المزمن (COPD)

نطمح دائمًا إلى تقديم ابتكارات تعزز صحة المرضى وتقدم نتائج مفيدة"
https://sa.vitalaire.com/ar,فيتـالير العربية | VitalAire Arabia,h2,Where to find us?,"3 results

• فيتالير العربية - الدمام
• فيتالير العربية - المكتب الرئيسي الرياض
• فيتالير العربية - جدة"
https://sa.vitalaire.com/ar,فيتـالير العربية | VitalAire Arabia,h3,فيتالير العربية - الدمام,
https://sa.vitalaire.com/ar,فيتـالير العربية | VitalAire Arabia,h3,فيتالير العربية - المكتب الرئيسي الرياض,
https://sa.vitalaire.com/ar,فيتـالير العربية | VitalAire Arabia,h3,فيتالير العربية - جدة,"من الأحد إلى الخميس من 8:30 صباحًا إلى 5:30 مساءً

مركز حائل ، مكتب رقم 22 ، الطابق الرابع ، مركز أعمال النجم ، الملك فيصل بن عبد العزيز ، الدمام

من الأحد إلى الخميس من 8:30 صباحًا إلى 5:30 مساءً

4063 شارع الأمير فواز بن عبد العزيز ، 7999 ، الربوة ، الرياض 12813 ، المملكة العربية السعودية

من الأحد إلى الخميس من 8:30 صباحًا إلى 5:30 مساءً

الميزانين ، مكتب رقم 6 مبنى الاقصى للاعمال. شركة فيتالير العربية فرع جدة، الرحاب، جدة 23345

• العنوان

تُعد فيتال إير العلامة التجارية العالمية لأنشطة الرعاية الصحية المنزلية التابعة لـ إير ليكيد والتي تدعم في المنزل 2.3 مليون شخص يعيشون بأمراض مزمنة في عام 2025. تستفيد فيتال إير من 40 عامًا من الخبرة في أمراض الجهاز التنفسي (انقطاع التنفس أثناء النوم، العلاج بالأكسجين طويل الأمد، التهوية خارج المستشفيات)، وعلاجات التسريب الوريدي (السكري، ارتفاع ضغط الدم الشرياني الرئوي)، والرعاية المجتمعية.

• VitalAire Worldwide
• إيرليكويد السعودية
• إيرليكيد العالمية

• اطلب الآن
• قم بزيارتنا

© VitalAire Arabia 2026

• الأحكام والشروط
• إشعار قانوني
• Accessibility
• Sitemap
• Manage cookies"
https://sa.vitalaire.com/air-liquide-healthcare,Air Liquide Healthcare | VitalAire Arabia,h1,Air Liquide Healthcare,
https://sa.vitalaire.com/air-liquide-healthcare,Air Liquide Healthcare | VitalAire Arabia,h3,"Air Liquide Healthcare is engaged alongside patients, healthcare professionals and hospitals to make the healthcare system efficient and virtuous for all.","As a major world player in home healthcare, an experts in chronic disease follow up at home, and supplier of medical gasses for hospitals, its 15,000 men and women support 2.3 million patients at home and 20,000 hospitals and clinics, in more than 30 countries."
https://sa.vitalaire.com/air-liquide-healthcare,Air Liquide Healthcare | VitalAire Arabia,h3,Air Liquide Home Healthcare Business,"Air Liquide, European leader in home healthcare, provides home healthcare services in compliance with medical prescription for patients suffering from chronic diseases such as diabetes, sleep apnea, COPD (Chronic Obstructive Pulmonary Disease).

These home healthcare services are being developed in addition to hospital care, enabling patients to enjoy better quality of life and local authorities to reduce costs. Home healthcare represents 54% of Air Liquide's revenue in Healthcare in 2025.

VitalAire is the global brand for Air Liquide’s Home Healthcare activities, which supports at home 2.3 million people living with chronic disease in 2025. VitalAire benefits from 40 years of expertise in respiratory diseases (sleep apnea, long-term oxygen therapy, out-of-hospital ventilation), infusion therapies (diabetes, pulmonary arterial hypertension), and community care.

• VitalAire Worldwide
• Air Liquide Saudi Arabia
• Air Liquide Worldwide

• Shop now
• Visit Us

© VitalAire Arabia 2026

• Terms & conditions
• Legal Notice
• Accessibility
• Sitemap
• Manage cookies"
https://sa.vitalaire.com/legal-notice-0,Legal Notice | VitalAire Arabia,h1,Legal Notice,Any use of this Site must comply with these terms and conditions of use.
https://sa.vitalaire.com/legal-notice-0,Legal Notice | VitalAire Arabia,h2,Intellectual property,"Website published by:

Legal name of the Company:

VitalAire Arabia L.L.C

Address of the corporate headquarters:

4063 Prince Fawaz Street in Ar Rabwa Riyadh, Kingdom of Saudi Arabia,

P.O. Box 28262, Riyadh, Kingdom of Saudi Arabia

Editor-in-chief:

Alexandra Rocca, Vice President and Head of Corporate Communications

Phone: +33 40 62 55 55

Website hosted by:

Acquia Inc.

53 State Street, 10th Floor - Boston, MA 02109 - United States

Phone: +1 888 922 7842

Intellectual property

VitalAire Arabia (""VitalAire"" or ""we"") offers visitors and users access to this website based on (and assuming) your acceptance of the following terms. VitalAire Arabia hereby grants you a non-transferable, nonexclusive license to access, download and use this website solely for your personal use. We may, at our sole discretion, add, delete or change some or all the features provided on the website at any time or terminate this license. All materials, including but not limited to the configurations, displays, screens, and all information appearing on or displayed in connection with or contained by VitalAire Arabia on this website are protected under all applicable laws and regulations.

VitalAire Arabia owns, reserves and retains all property rights, including copyrights, to this website and its contents. The trademarks, service marks, trade names, logos and other indications of origin, including but not limited to VitalAire Arabia’s domain name, displayed on this website are registered and unregistered trademarks of VitalAire Arabia or a third party that has granted VitalAire Arabia the right to use them on this site. Nothing contained herein should be construed as granting the browser or user any license or right to use any trademark displayed on the site without the prior written consent of VitalAire Arabia or the third party. VitalAire Arabia and/or third-party content providers remain the owners of the information displayed on this website and the user does not acquire any of these ownership rights by printing or downloading any of the information or otherwise making use of the website’s features.

For your convenience, VitalAire Arabia provides links to other sites and links to this site may be provided from other sites either known or unknown to VitalAire Arabia. VitalAire Arabia is not responsible for the content of any site that is linked to or from this site and links do not imply that VitalAire Arabia sponsors, licenses, endorses or is otherwise connected to the site, the products or services described therein, or its owner, or that VitalAire Arabia has authorized the linked site to use any trademark, trade name, logo or other trademarked or copyrighted material belonging to VitalAire Arabia.

The terms and conditions pertaining to the use of this website are governed by the Kingdom of Saudi Arabia Laws. The courts of Riyadh shall have exclusive jurisdiction to settle any dispute arising from the use of this website.

Respect for privacy and use of personal data

The privacy and the security of your information are important to us. VitalAire Arabia's policy is to respect and protect the privacy of the users of this website. We will not voluntarily disclose individually identifiable information about our customers or other users of our website to any third party without first receiving that user's permission.

When you use the website vitalaire.com.sa, the controller of your data is the company ' VitalAire Arabia L.L.C, 4063 Prince Fawaz Street in Ar Rabwa Riyadh, Kingdom of Saudi Arabia, P.O. Box 28262, Riyadh, Kingdom of Saudi Arabia

Ethics and use of collected data

VitalAire Arabia only asks for certain types of personal information when using the website. In a few areas on our website, including order fulfillment and online customer support tools, we ask you to provide information that will enable us to enhance your site visit, assist you with technical support issues, or follow up with you after your visit. Unless the requested information is necessary for request fulfillment, you will be informed and it will be totally optional for you to provide it or not. We may ask for your name, email address, phone number, street address, type of business, customer preference information, customer number, as well as other similar personal information that is needed for registration or subscription to our services or offers.

Accordingly, VitalAire Arabia uses the personal data you have provided to this website for the following purposes, durations and legal grounds:

Purpose

Legal ground/basis

Retention durations

To ensure appropriate follow-up of your subscription to our services or offers and order fulfillment

VitalAire Arabia need to perform the contract with you

Duration of the contract plus a maximum of ten (10) years and beyond to allow VitalAire Arabia to fulfill its legal obligations

To provide online customer assistance tools and follow-up in connection with such technical assistance

The legitimate interest of VitalAire Arabia to offer you online assistance tools to facilitate the management and monitoring of your contract (s) and to develop and improve our services

Duration of the contract plus a maximum of five (5) years and beyond to allow VitalAire Arabia to fulfill its legal obligations

To process your application if you have responded online to a job offer at VitalAire Arabia

VitalAire Arabia legitimate interest in assessing your suitability for the proposed job

2 years from our last exchanges relating to your application and beyond to allow VitalAire Arabia to fulfill its legal obligations

To process your queries related to the protection of your personal data

VitalAire Arabia need to comply to a legal obligation

Processing time of your request plus a maximum of five (5) years and beyond to allow VitalAire Arabia to fulfill its legal obligations

Access your VitalAire Arabia shareholder account

The need for VitalAire Arabia to fulfill the contract with you

Period of existence of the shareholder account plus five (5) years following the closure of the account and beyond to allow VitalAire Arabia to fulfill its legal obligations

Send Group communication, including the VitalAire Arabia newsletters to which you subscribe

The need to be kept up-to-date on the Group’s news

Duration of your subscription to Group communication (such as newsletters)

VitalAire Arabia also processes the personal data you provide in the course of your dealings and communications with us, such as your email exchanges, your discussions using tools and platforms provided by VitalAire Arabia, or in connection with the virtual workspaces and collaborative tools used by VitalAire Arabia. These treatments are based on the legitimate interest of VitalAire Arabia to ensure the relationship with you by dealing with your requests, questions etc. and to improve the quality of the service provided, and aim to make these tools available, to ensure and control their appropriate use as well as the security of the computer system and the confidentiality of the information.

Passive personal data collection

Some of the personal data stored on our server is provided by you voluntarily when you complete forms online, while other data are collected automatically. In order to improve user browsing experience on our sites and for statistical analysis purposes, VitalAire Arabia automatically collects certain data when you visit our sites:

• Your IP address: an IP address is assigned to your computer by your Internet Service Provider so that you can access the web
• The date and time you visit to the site and the pages you view
• Your computer’s operating system and the internet browsing software used
• Your login, if you browse restricted areas of the site
• Your browsing history within Group websites and the duration of your connection.

Depending on the case, we process such data with your consent when the law requires it (for example, in the case where the deposit of some cookies on your terminal requires the collection of your consent) or on the basis of our legitimate interest in proposing a website and improving its performance.

We recommend that you also read our page about cookies.

Recipients of personal data

In the strict limit of data processing carried out for the purposes described above, we are led to communicate some of your data to:

• Authorized personnel of VitalAire Arabia companies in the exercise of their usual duties
• Our service providers and subcontractors

Transfer of personal data outside the European Economic Area

Besides, the use of the web conference service as well as the availability of communication tools and platforms involves the transfer of personal data (names, surnames and email address) for the purpose of identification, and exchanged data (message, attachments) for the purpose of hosting and administration to non-member states of the European Economic Area, including the United States, whose legislation on the protection of personal data is different from the legislation of the European Economic Area.

When we transfer your data to the United States, we will treat your personal data in accordance with the provisions of the Standard Contractual Clauses that were set out by the European Commission (decision 2010/87/EU) and that are signed with our providers.

Moreover, because of the international dimension of the group and its organization, VitalAire Arabia transfers your personal data within its entities located in countries not members of the European Economic Area. These transfers are covered by ""Binding Corporate Rules"" approved by the competent authorities for the protection of personal data. You can consult them by following this link.

Confidentiality of the data collected

VitalAire Arabia uses your personal information exclusively for the specific purposes described above. The information that you provide to us will remain confidential and will be used only in connection with your relationship to VitalAire Arabia and/or one of its affiliated companies as a customer; this information will never be released or sold to any third party for commercial or prospecting purposes.

Your rights with respect to your personal data

In accordance with the applicable regulations on the protection of personal data, in particular Regulation (EU) 2016/679 of the European Parliament and of the Council of 27 April 2016 on the protection of natural persons with regard to the processing of personal data and on the free movement of such data, you have a right of access, rectification and erasure of the personal data which concern you, the right to oppose, for reasons relating to your particular situation, to the treatment of your personal data, as well as the right to set guidelines regarding the fate of your personal data post-mortem.

In addition, in some cases you may request to receive the personal data you have provided to us or, where possible, to send it directly to another controller.

In certain circumstances, you also have the right to obtain the limitation of the processing of your personal data.

For data processing requiring consent from you, you have the right to withdraw your consent at any time. The exercise of this right does not affect the lawfulness of consent-based treatment prior to withdrawal.

For any request or complaint relating to the processing of your personal data and the exercise of your rights, you can contact the Data Protection Officer designated by VitalAire Arabia.

By regular post:

Laurence Thomazeau, Data Protection Officer

75, quai d’Orsay - 75007 Paris

Or using the contact form available here:

https://www.airliquide.com/group/contact-us-gdpr

You also have the right to file a claim with the competent authority for the protection of personal data.

Modifications

VitalAire Arabia reserves the right to modify or complete this Privacy Statement at any time. All such updates will be flagged on the homepage of the website and you are advised to read this Privacy Statement every time you access the VitalAire Arabia website. All such modifications or additions to this Privacy Statement are applicable as soon as they are posted on the website.

VitalAire is the global brand for Air Liquide’s Home Healthcare activities, which supports at home 2.3 million people living with chronic disease in 2025. VitalAire benefits from 40 years of expertise in respiratory diseases (sleep apnea, long-term oxygen therapy, out-of-hospital ventilation), infusion therapies (diabetes, pulmonary arterial hypertension), and community care.

• VitalAire Worldwide
• Air Liquide Saudi Arabia
• Air Liquide Worldwide

• Shop now
• Visit Us

© VitalAire Arabia 2026

• Terms & conditions
• Legal Notice
• Accessibility
• Sitemap
• Manage cookies"
https://sa.vitalaire.com/sitemap,Sitemap | VitalAire Arabia,h1,Sitemap,
https://sa.vitalaire.com/sitemap,Sitemap | VitalAire Arabia,h2,Home,
https://sa.vitalaire.com/sitemap,Sitemap | VitalAire Arabia,h2,Diabetes,"• Continuous Glucose Monitoring (CGM) What is real time Continuous Glucose Monitoring? Why use CGM? What are the advantages of CGM? Our Products and Services
• Insulin Pump What is an Insulin Pump? What is Tandem T:slim X2 Insulin Pump ? Our Products and Services"
https://sa.vitalaire.com/sitemap,Sitemap | VitalAire Arabia,h3,Continuous Glucose Monitoring (CGM),"• What is real time Continuous Glucose Monitoring?
• Why use CGM?
• What are the advantages of CGM?
• Our Products and Services

What is real time Continuous Glucose Monitoring?

Why use CGM?

What are the advantages of CGM?

Our Products and Services"
https://sa.vitalaire.com/sitemap,Sitemap | VitalAire Arabia,h3,Insulin Pump,"• What is an Insulin Pump?
• What is Tandem T:slim X2 Insulin Pump ?
• Our Products and Services

What is an Insulin Pump?

What is Tandem T:slim X2 Insulin Pump ?

Our Products and Services"
https://sa.vitalaire.com/sitemap,Sitemap | VitalAire Arabia,h2,Sleep Apnea,• Sleep Apnea What is Sleep Apnea? Do I have sleep apnea? What is the treatment? Our Products and Services
https://sa.vitalaire.com/sitemap,Sitemap | VitalAire Arabia,h3,Sleep Apnea,"• What is Sleep Apnea?
• Do I have sleep apnea?
• What is the treatment?
• Our Products and Services

What is Sleep Apnea?

Do I have sleep apnea?

What is the treatment?

Our Products and Services"
https://sa.vitalaire.com/sitemap,Sitemap | VitalAire Arabia,h2,Oxygen Therapy,• What is Home Oxygen Therapy ? Our Products and Services
https://sa.vitalaire.com/sitemap,Sitemap | VitalAire Arabia,h3,What is Home Oxygen Therapy ?,"• Our Products and Services

Our Products and Services"
https://sa.vitalaire.com/sitemap,Sitemap | VitalAire Arabia,h2,Ventilation,"• Ventilation
• Our Services & Products

Ventilation

Our Services & Products

VitalAire is the global brand for Air Liquide’s Home Healthcare activities, which supports at home 2.3 million people living with chronic disease in 2025. VitalAire benefits from 40 years of expertise in respiratory diseases (sleep apnea, long-term oxygen therapy, out-of-hospital ventilation), infusion therapies (diabetes, pulmonary arterial hypertension), and community care.

• VitalAire Worldwide
• Air Liquide Saudi Arabia
• Air Liquide Worldwide

• Shop now
• Visit Us

© VitalAire Arabia 2026

• Terms & conditions
• Legal Notice
• Accessibility
• Sitemap
• Manage cookies"
https://sa.vitalaire.com/ar/mahw-alsukry,ماهو السُكري ؟ | VitalAire Arabia,h1,ماهو السُكري ؟,"السكري هو حالةٌ مزمنة خطيرة تؤثر في ملايين الأشخاص حول العالم. وهو مرض شائع حيث يعاني 537 مليون شخص بالغ حول العالم من أحد أنواع السكري، وتزداد الحالات الجديدة بمقدار 3% بالمتوسط كل عام.

السكري حالة طويلة الأمد تُسبِّب ارتفاع مستويات الجلوكوز. وتحدث هذه الحالة عندما لا يتمكن البنكرياس من إفراز إنسولين كافٍ للجسم، وهو الهرمون الذي يقلل مستوى الجلوكوز بالدم، أو عندما لا يتمكن الجسم من استخدام الإنسولين بشكل فعّال. هناك أنواع مختلفة من السكري. يمكنك معرفة أنواع السكري الرئيسية، بما في ذلك الأسباب والأعراض والعلاجات أدناه

يعاني 5 إلى 10% من المصابين بالسكري من النوع الأول. ينتج ذلك عن مهاجمة الجهاز المناعي بالجسم للخلايا في البنكرياس وتدميرها، ممّا يعني عدم قدرة الجسم على إفراز إنسولين كافٍ (في معظم الأحيان). السبب الدقيق للسكري من النوع الأول غير معروف حاليًا. ومع ذلك، فإن عوامل الخطر لظهور النوع الأول تشمل التاريخ المرضي للعائلة وسجل الإصابة ببعض أنواع العدوى الفيروسية في مرحلة الطفولة. تظهر غالبية حالات السكري من النوع الأول عند الأطفال والمراهقين. ولا يوجد علاج حتى الآن يمكنه منع الإصابة بمرض السكري من النوع الأول. تختلف كل حالة عن الأخرى، لكن توجد مجموعة من الأعراض المميزة التي غالبًا ما تظهر عند الإصابة بمرض السكري من النوع الأول. تشمل هذه الأعراض العطش الشديد والتبول المتكرر وفقدان الوزن والجوع المستمر والتعب وتغيرات الرؤية. يتعين على المصابين بالسكري من النوع الأول أخذ الإنسولين يوميًّا لتنظيم مقدار الجلوكوز في الجسم. يتم إعطاء الإنسولين عادةً عن طريق الحقن أو التسريب المستمر تحت الجلد أو من خلال العلاج بمضخة الإنسولين (يُعرف أيضًا باسم CSII، التسريب المستمر تحت الجلد). يُعَدّ الوصول إلى مستويات الجلوكوز المستهدفة مهمًا للغاية في منع مضاعفات السكري وإبطائها. إذا تم تشخيصك بالإصابة بالسكري من النوع الأول، فإن فريق الرعاية الصحية سيقوم بتوعيتك بشأن المفاهيم المهمة مثل تكييف جرعة الإنسولين مع كمية الكربوهيدرات التي تتناولها ومستوى الجلوكوز قبل الوجبات وأي نشاط مُتوقَّع قد تقوم به.

يمثل مرض السكري من النوع الثاني أغلبية الحالات حول العالم، حيث إن حوالي 90% من حالات مرض السكري حول العالم من النوع الثاني. يحدث ذلك عندما يقاوم الجسم تأثيرات الإنسولين، الأمر الذي لا يمكن التغلب عليه بإفرازِ مزيدٍ من الإنسولين. في البداية، يظهر السكري من النوع الثاني -في الغالب- بدون أعراض على الإطلاق. يظهر ببطء ويستغرق غالبًا فترةً طويلةً حتى يتم الاكتشاف عن الحالة وتشخيصها. وبدلًا من ذلك، قد يتم تشخيص بعض الحالات بعد التواصل مع فريق الرعاية الصحية بسبب مضاعفات الحالة مثل مشاكل القلب أو الرؤية. يوجد نوعان من عوامل الخطر للسكري من النوع الثاني، ثمة نوع لا يمكن تغييره، والنوع الآخر يمكن تغييره مثل خيارات نمط الحياة [3]. تشمل عوامل الخطر التي لا يمكن تغييرها:

• العمر
• النوع
• التاريخ المرضي للعائلة في الإصابة بالسكري
• إذا كنتِ عانيتِ من السكري أثناء الحمل
• إذا كان وزنكِ عند الولادة أقل من الوزن الطبيعي

عوامل الخطر القابلة للتغيير والمتعلقة بنمط الحياة لمرضى السكري من النوع الثاني هي:

• زيادة مؤشر كتلة الجسم
• انخفاض النشاط البدني
• سوء التغذية
• ارتفاع ضغط الدم
• التدخين

بعكس السكري من النوع الأول، توجد طرق فعّالة لمنع الإصابة بالسكري من النوع الثاني. أظهرت التجارب أن الأشخاص المعرضين بشدة للإصابة بمرض السكري من النوع الثاني يمكن أن يقللوا من الخطر بشكل كبير عبر تدخلات محددة، مثل برامج تعديل نمط الحياة. يقلل النشاط البدني المنتظم من مخاطر السكري وارتفاع سكرية الدم، كما أنه عامل مهم في التحكم بالوزن، الذي يمثل عامل خطر آخر للسكري. تتعيَّن إدارة السكري من النوع الثاني. يبدأ معظم الأشخاص بتغيير نمط الحياة، مثل ممارسة التمارين أو فقدان الوزن، باعتبار ذلك خط العلاج الأول. ومع ذلك، إذا لم تساعدك هذه التغييرات على الوصول لمستويات الجلوكوز المطلوبة بالدم أو الحفاظ عليها؛ فسوف يتم استخدام الأدوية كخط علاج ثانٍ. يمكن أن تنطوي إدارة السكري من النوع الثاني على العديد من العلاجات المختلفة. إذا كان مستوى الجلوكوز مرتفعًا للغاية أو يتسبب في ظهور أعراض، فيمكن حينئذ البدء بالإنسولين كعلاج أول. وفي نهاية المطاف، يتناول الكثير من المصابين بالسكري من النوع الثاني الإنسولين كعلاجٍ لهم.

سكري الحمل هو حالة مؤقتة تظهر أو يتم التعرف عليها عند الحمل. يتم الكشف عنه وتشخيصه عادةً من خلال الفحص الصحي قبل الولادة، وليس من خلال الأعراض المُبلَّغ عنها. تزداد احتمالية حدوث بعض المضاعفات لدى المصابات بسكري الحمل خلال فترة الحمل والولادة. يمكن أن تؤثر هذه المضاعفات في الرضيع. ثمة العديد من الأمور التي يتعين رصدها؛ إذا كانت المرأة تعاني من سكري الحمل. وتشمل هذه الأمور ما يلي

• المراقبة الذاتية اليومية لمستويات الجلوكوز .
• فحوصات الموجات فوق الصوتية لتقييم كيفية نمو الجنين.
• مراقبة ضغط الدم ومستوى البروتين في البول.

تشمل إدارة سكري الحمل:

• الاستشارات الغذائية لضمان أن السعرات الحرارية في الطعام كافية لتلبية احتياجات الحمل مع المساعدة على الوصول إلى مستويات الجلوكوز المطلوبة .
• يمكن البدء في العلاج بالإنسولين؛ إذا كان العلاج بالتغذية غير كافٍ للتحكم بمستوى الجلوكوز .
• التأكد من ولادة الطفل الرضيع في الوقت المناسب، والذي يكون عادةً خلال الأسبوع الثامن والثلاثين من الحمل، ما لم يكن هناك سبب آخر يستدعي حدوث الولادة في وقتٍ سابقٍ لذلك.

يشير السكري إلى مجموعة من الأمراض التي تؤثر في كيفية استخدام الجسم لسكر الدم (الجلوكوز). الجلوكوز مصدر طاقة مهم للخلايا التي تشكل العضلات والأنسجة. كما إنه مصدر الطاقة الرئيسي للدماغ. يختلف السبب الرئيسي للسكري حسب نوعه. وبغض النظر عن نوع السكري الذي تعاني منه، فإنه يمكن أن يؤدي إلى زيادة الجلوكوز. يمكن أن تنجم مشكلات صحية خطيرة عن الارتفاع المفرط للسكر . تشمل حالات السكري المزمنة من النوع الأول والسكري من النوع الثاني. التي يُحتمل عكسها الإصابة بمقدمات السكري وسكري الحمل. تحدث مقدمات السكري عندما تكون مستويات السكر أعلى من المستويات الطبيعية. لكن لا تكون مستويات السكر مرتفعة لدرجة إطلاق اسم مرض السكري عليها. يظهر سكري الحمل أثناء الحمل. لكن قد يزول بعد الولادة. انقر فوق هذا الرابط لرؤية قائمة العلامات والأعراض.

الاكتشاف المبكر للسكري وبدء العلاج مهم للغاية في إدارته دون حدوث مضاعفات. أو حالةٌ خطيرة ومزمنة، ويصيب ملايين الأشخاص، حيث يُقدَّر عدد المصابين بالسكري حول العالم بـعدد 537 مليون شخص. ومن هذا العدد، يُعتقد وجود 240 مليون شخص يعانون من السكري مع عدم تشخيصهم به،

ما يعني وجود شخص واحد تقريبًا من بين كل شخصين بالغين مصابين بالسكري لا يدركون أنهم يعانون منه. يزيد عدد الأشخاص المصابين بالسكري بنسبة 3% كل عام. يمكن أن ينطوي تشخيص السكري على مجموعة من الاختبارات المختلفة. انقر فوق هذا الرابط لمعرفة المزيد عن كيفية تشخيص مرض السكري.

السكري عبارة عن مجموعة من الحالات التي تتسم بارتفاع مستوى الجلوكوز (يُعرف أيضًا باسم ""سكرية الدم"")، ويحدث ذلك بسبب مشكلات متعلقة بالإنسولين، وهو هرمون يفرزه البنكرياس لتنظيم الجلوكوز في الدم و/أو المستقبلات المستهدفة بالإنسولين. إذا أُصيب أحد الأشخاص بالسكري، فإن ذلك يعني عدم قدرة الجسم على إفراز أي إنسولين أو ما يكفي من هذا الهرمون أو استخدامه بفعالية. يظهر مرض السكري من النوع الأول، الذي يشكل من 5 إلى 10% من الحالات، عن طريق مهاجمة جهاز المناعة للخلايا التي تفرز الإنسولين بالبنكرياس. يظهر السكري من النوع الثاني، الذي يشكل من 90 إلى 95% من الحالات المُشخصة، عبر مزيج من مقاومة تأثيرات الإنسولين مع مستوى محدد من مشكلات إفراز الإنسولين. تتوافر مجموعة من العلاجات التي يمكن أن تساعد في إدارة السكري. انقر فوق هذا الرابط لمعرفة المزيد عن علاج السكري وإدارته.

يمكن أن يتسبب السكري من أي نوع في مضاعفات بأجزاء كثيرة مختلفة من الجسم. يمكن أن تشمل المضاعفات الحادة (قصيرة الأجل) حالات مرتبطة بارتفاع مستوى الجلوكوز مثل الحماض الكيتوني السكري وغيبوبة فرط الأسمولية. يمكن أن يحدث انخفاض مستوى الجلوكوز في جميع أنواع السكري، وقد يتسبب في فقدان الوعي أو نوبات صرع. يمكن تصنيف المضاعفات طويلة الأمد إلى مضاعفات أوعية دقيقة أو مضاعفات أوعية كبيرة. تشمل مضاعفات الأوعية الدقيقة تلف الجهاز العصبي (الاعتلال العصبي) ومشاكل في الكلى وتلف الجهاز البولي (الاعتلال الكلوي) ومشكلات في الرؤية (الاعتلال الشبكي). تشمل مضاعفات الأوعية الكبيرة الأمراض القلبية الوعائية والسكتات الدماغية وأمراض الأوعية المحيطية، مما قد يؤدي إلى عدوى وجروح لا تلتئم، وخاصة في القدم. ورغم أن قائمة المضاعفات الطويلة تبدو مخيفة، إلا أن ثمة بعض الأمور يمكنك القيام بها لتقليل مخاطر حدوث هذه المشكلات. يمكن أن يؤدي تحسين مستويات الجلوكوز وضغط الدم ومستويات الكوليسترول إلى تقليل مخاطر المضاعفات. وتساعد الإدارة السليمة على السكري باستخدام الأدوية واتباع نمط حياة صحي والرعاية الذاتية والفحوصات المنتظمة في منع مضاعفات السكري. أظهرت تجربة مهمة على أشخاص مصابين بالسكري من النوع الأول، نُفِّذت في أواخر ثمانينيات القرن الماضي ومطلع التسعينيات، أن الإدارة الدقيقة لمستوى السكر في الدم قد قللت من مخاطر تلف العين والكلى والأعصاب بنسبة تتراوح بين 30 و90%. السكري حالة شائعة للغاية بين ملايين الأشخاص حول العالم. هناك أنواع مختلفة من السكري. يمكن أن يسبب السكري مجموعةً من المضاعفات، لكن من المهم معرفة أن ثمة مجموعة من الإجراءات يمكنك اتخاذها لتقليل مخاطر المضاعفات بشكل كبير. سواء كنت تعاني من السكري من النوع الأول أو النوع الثاني أو مرض سكري الحمل، فإن فريق الرعاية الصحية سيدعمك في إدارة حالتك والإجابة عن أي تساؤلات قد تكون لديك.

تُعد فيتال إير العلامة التجارية العالمية لأنشطة الرعاية الصحية المنزلية التابعة لـ إير ليكيد والتي تدعم في المنزل 2.3 مليون شخص يعيشون بأمراض مزمنة في عام 2025. تستفيد فيتال إير من 40 عامًا من الخبرة في أمراض الجهاز التنفسي (انقطاع التنفس أثناء النوم، العلاج بالأكسجين طويل الأمد، التهوية خارج المستشفيات)، وعلاجات التسريب الوريدي (السكري، ارتفاع ضغط الدم الشرياني الرئوي)، والرعاية المجتمعية.

• VitalAire Worldwide
• إيرليكويد السعودية
• إيرليكيد العالمية

• اطلب الآن
• قم بزيارتنا

© VitalAire Arabia 2026

• الأحكام والشروط
• إشعار قانوني
• Accessibility
• Sitemap
• Manage cookies"
https://sa.vitalaire.com/signs-symptoms-diabetes,Signs & Symptoms of Diabetes | VitalAire Arabia,h1,Signs & Symptoms of Diabetes,"Diabetes symptoms depend on how high your blood sugar is. Some people, especially if they have prediabetes or type 2 diabetes, may not have symptoms. In type 1 diabetes, symptoms tend to come on quickly and be more severe.

Some of the symptoms of type 1 diabetes and type 2 diabetes are:

• Feeling more thirsty than usual.
• Urinating often.
• Losing weight without trying.
• Presence of ketones in the urine. Ketones are a byproduct of the breakdown of muscle and fat that happens when there's not enough available insulin.
• Feeling tired and weak.
• Feeling irritable or having other mood changes.
• Having blurry vision.
• Having slow-healing sores.
• Getting a lot of infections, such as gum, skin and vaginal infections.

Type 1 diabetes can start at any age. But it often starts during childhood or teen years. Type 2 diabetes, the more common type, can develop at any age. Type 2 diabetes is more common in people older than 40.

VitalAire is the global brand for Air Liquide’s Home Healthcare activities, which supports at home 2.3 million people living with chronic disease in 2025. VitalAire benefits from 40 years of expertise in respiratory diseases (sleep apnea, long-term oxygen therapy, out-of-hospital ventilation), infusion therapies (diabetes, pulmonary arterial hypertension), and community care.

• VitalAire Worldwide
• Air Liquide Saudi Arabia
• Air Liquide Worldwide

• Shop now
• Visit Us

© VitalAire Arabia 2026

• Terms & conditions
• Legal Notice
• Accessibility
• Sitemap
• Manage cookies"
https://sa.vitalaire.com/how-diagnose-diabetes,How to Diagnose Diabetes? | VitalAire Arabia,h1,How to Diagnose Diabetes?,"The early detection of diabetes and initiation of treatment is extremely important in the management of diabetes and prevention of complications.

Diabetes is a serious, chronic condition that affects millions of people, with an estimated 537 million living with diabetes across the world. Out of this, there are thought to be 240 million people living with undiagnosed diabetes — meaning that almost one-in-two adults with diabetes are unaware they have the condition. The number of people with diabetes is increasing by about 3% every year.

Diagnosing diabetes can involve a number of different tests. This article will help you learn about the different tests that can be used to diagnose diabetes and the results that these tests can give.

Beyond any international guidelines, the type of test you are given and how the results are interpreted will depend on the diabetes guidelines of your country. Take the time to discuss any questions you have about diagnosis and testing with your doctor or healthcare professional."
https://sa.vitalaire.com/how-diagnose-diabetes,How to Diagnose Diabetes? | VitalAire Arabia,h2,Blood Glucose Test,"One way of testing for diabetes is to look at the level of glucose in your blood.

The standard method is to measure the glucose in your plasma (the liquid bit of your blood with the cells taken out) that has been taken from a vein. Capillary blood glucose testing, in which a sample is taken from much smaller vessels with a finger-prick test, can also be used with identical values if the test is done while you are fasting.

Blood glucose tests for diagnosing diabetes can be done in three ways:

• Fasting plasma glucose (FPG) test In the fasting plasma glucose test, a blood sample is taken after you have not eaten or drunk anything, usually for eight hours. Fasting means having nothing to eat or drink except sips of water. This blood sample is then tested to see how much glucose is in your blood [6]. The World Health Organization (WHO) has said that a level above 7.0mmol/L (126mg/dL) of glucose for a fasting sample meets the criteria diagnosis of diabetes
• Oral glucose tolerance (OGTT) test Also known as the ‘two-hour plasma glucose’ test, the oral glucose tolerance test (OGTT) measures blood glucose after you fast for eight hours. You are then given the sweet drink containing glucose, and will have your blood glucose tested one and two hours later (and sometimes three hours later, too). This test is often used to diagnose gestational diabetes [6]. Your health care team will explain what your OGTT results mean to you.
• Random plasma glucose (RPG) test Sometimes healthcare professionals use the random plasma glucose test to diagnose diabetes when the symptoms of diabetes are present and they don’t want to wait until you have fasted. These symptoms can include passing a lot of urine (polyuria), drinking a lot (polydipsia), weight loss, and occasionally excessive hunger and blurred vision. The RPG test can be taken at any time without fasting.

In the fasting plasma glucose test, a blood sample is taken after you have not eaten or drunk anything, usually for eight hours. Fasting means having nothing to eat or drink except sips of water.

This blood sample is then tested to see how much glucose is in your blood [6]. The World Health Organization (WHO) has said that a level above 7.0mmol/L (126mg/dL) of glucose for a fasting sample meets the criteria diagnosis of diabetes

Oral glucose tolerance (OGTT) test

Also known as the ‘two-hour plasma glucose’ test, the oral glucose tolerance test (OGTT) measures blood glucose after you fast for eight hours. You are then given the sweet drink containing glucose, and will have your blood glucose tested one and two hours later (and sometimes three hours later, too).

This test is often used to diagnose gestational diabetes [6]. Your health care team will explain what your OGTT results mean to you.

Random plasma glucose (RPG) test

Sometimes healthcare professionals use the random plasma glucose test to diagnose diabetes when the symptoms of diabetes are present and they don’t want to wait until you have fasted. These symptoms can include passing a lot of urine (polyuria), drinking a lot (polydipsia), weight loss, and occasionally excessive hunger and blurred vision.

The RPG test can be taken at any time without fasting."
https://sa.vitalaire.com/how-diagnose-diabetes,How to Diagnose Diabetes? | VitalAire Arabia,h2,Hba1c Test,"The HbA1c test is a blood test that provides your average levels of blood glucose over the past three months.

It has a number of different names, and is also known as the hemoglobin A1c test, glycated hemoglobin test, glycosylated hemoglobin test or simply the A1c test. The HbA1c test is different from the plasma glucose tests mentioned above, because it doesn’t measure your blood glucose levels directly. Instead, it measures the percentage of hemoglobin in your blood that has glucose attached to it. Hemoglobin is a substance found in red blood cells, which transports oxygen around the body.

Unlike plasma glucose tests, which only show glucose levels at one point in time, the HbA1c test shows the average glucose levels over the last two to three months. Because of this, the HbA1c test is very helpful for measuring blood glucose management in people with diabetes.

It can also be used to diagnose diabetes. A HbA1c result of 6.5% or higher on two separate tests indicates that you have diabetes.

However, there are certain factors that make HbA1c testing less accurate, including anemia, abnormalities with hemoglobin, pregnancy and high blood levels of a chemical called urea. A healthcare professional will be able to guide you and tell you more.

There are a number of different tests that can be used to diagnose diabetes, from plasma glucose tests to HbA1c tests [5]. There are advantages and disadvantages to each, with some tests requiring preparation, whilst other tests can be taken at any time.

Regardless of which initial test is used to detect diabetes, it is recommended that a repeat test be performed to confirm the diagnosis.

If you need to have a test to see if you have diabetes, your healthcare team will work with you to select a test that is suitable for you and will give an accurate result.

1. International Diabetes Federation, IDF Diabetes Atlas 10th edition, 2021

2. American Diabetes Association. Diagnosis and classification of diabetes mellitus. Diabetes Care. 2004; 27(S1): S5-S10

3. International Diabetes Federation, IDF Diabetes Atlas 8th edition, 2017

4. American Diabetes Association. Classification and diagnosis of diabetes. Diabetes Care. 2017;40(S1): S11-S24

5. Definition and diagnosis of diabetes mellitus and intermediate hyperglycaemia: report of a WHO/IDF consultation. World Health Organization, 2006. WHO: Geneva

6. National Institute of Diabetes and Digestive and Kidney Diseases. Diabetes tests & diagnosis. Accessed June 2022.

VitalAire is the global brand for Air Liquide’s Home Healthcare activities, which supports at home 2.3 million people living with chronic disease in 2025. VitalAire benefits from 40 years of expertise in respiratory diseases (sleep apnea, long-term oxygen therapy, out-of-hospital ventilation), infusion therapies (diabetes, pulmonary arterial hypertension), and community care.

• VitalAire Worldwide
• Air Liquide Saudi Arabia
• Air Liquide Worldwide

• Shop now
• Visit Us

© VitalAire Arabia 2026

• Terms & conditions
• Legal Notice
• Accessibility
• Sitemap
• Manage cookies"
https://sa.vitalaire.com/diabetes-treatment-and-management,Diabetes Treatment and Management | VitalAire Arabia,h1,Diabetes Treatment and Management,
https://sa.vitalaire.com/diabetes-treatment-and-management,Diabetes Treatment and Management | VitalAire Arabia,h2,Type 1 Diabetes Treatment,"People with type 1 diabetes need to take insulin in order to maintain blood glucose levels in the proper range. Without insulin, they would not be able to survive. Although this might sound scary, with the right daily insulin treatment, regular blood glucose monitoring and maintenance of a healthy lifestyle, people with type 1 diabetes can live a healthy life. Careful management and treatment of diabetes can help to delay and reduce the risk of complications associated with diabetes. Most people with type 1 take insulin either as multiple-dose insulin (MDI) injections using a pen or syringe, or by using insulin pump therapy (which delivers insulin as a drip under the skin — known as ‘subcutaneous infusion’).

• Insulin Syringes
• Insulin Pens
• Insulin Pump Therapy"
https://sa.vitalaire.com/diabetes-treatment-and-management,Diabetes Treatment and Management | VitalAire Arabia,h2,Insulin Syringes,"Millions of people around the world inject themselves with insulin every day. In many regions, syringes are used extensively for insulin injection.

The syringes that were initially used for insulin injection were large, bulky and had to be reused multiple times. Thankfully technology has come a long way since then. Modern syringes are disposable and have scale markings on the side specifically to help with accurate insulin dosing.

Modern needles have also improved significantly. Older variants were long and large-bore — these days, they have been replaced by smaller, shorter needles."
https://sa.vitalaire.com/diabetes-treatment-and-management,Diabetes Treatment and Management | VitalAire Arabia,h2,Insulin Pens,"Insulin pens became available in the 1980s. They allow a dose to be selected using a dial, rather than drawing up from a vial with a syringe and needle.

Insulin pens consist of three components — a cartridge that contains the insulin, a disposable needle, and a one-click-per-unit dosing dial.

The insulin pen itself can either be disposable or reusable, where the insulin cartridge is replaced when empty.

A modern update is the ‘smart pen’. This device has memory functions for things like dose and timing, and can use USB or Bluetooth to integrate with digital platforms, such as a smartphone app. This allows for much more efficient ways to monitor diabetes."
https://sa.vitalaire.com/diabetes-treatment-and-management,Diabetes Treatment and Management | VitalAire Arabia,h2,Insulin Pump Therapy,"Insulin pumps are different from injections, as they deliver a continuous ‘basal’ flow of rapid-acting insulin.

The pump typically consists of an insulin reservoir that sits inside the pump and an infusion set with tubing. The reservoir and infusion set are connected to a catheter in the skin to continuously deliver insulin to meet daily needs. A different variety is the ‘patch pump’. These devices are small, lightweight and attached directly to the skin (without an infusion set).

Much has changed since pumps were originally designed. The first pump prototype had to be worn as a backpack, but modern pumps are much smaller.

Modern ‘smart’ pumps have many features, including built-in calculators for bolus doses (additional one-off doses of insulin), computer interfaces and alarms. Rapid changes to the rate can be set by the user to respond to food intake, and insulin delivery can also be suspended to respond to hypoglycemia.

Some pumps can also work with glucose sensors to automate the delivery of basal insulin (called ‘ hybrid closed loop systems ’)."
https://sa.vitalaire.com/diabetes-treatment-and-management,Diabetes Treatment and Management | VitalAire Arabia,h2,Type 2 Diabetes Treatment,"Unlike type 1 diabetes, where the main treatment is insulin, there are a number of different treatments for type 2 diabetes. Some of these therapies are taken as tablets, some by injection, while some aren’t medications at all.

• Physical Activity and Nutrition
• Oral Antidiabetic Drugs
• Injectable Medications for Type 2 Diabetes"
https://sa.vitalaire.com/diabetes-treatment-and-management,Diabetes Treatment and Management | VitalAire Arabia,h2,Physical Activity and Nutrition,"The cornerstone of type 2 diabetes treatment is a healthy lifestyle, which includes adopting a balanced diet, regular physical activity, smoking cessation and maintaining a healthy body weight.

There is strong evidence that nutrition therapy is an effective part of diabetes care. Nutrition therapy aims to:

• Promote healthy eating patterns
• Improve markers of good blood glucose management such as HbA1c
• Help meet blood pressure and cholesterol targets
• Achieve and maintain weight goals
• Delay or prevent the complications of diabetes
• Address individual nutrition needs and maintain the pleasure of eating
• Provide tools for day-to-day meal planning

In addition to diet changes, it is recommended that alcohol is only drunk in moderation.

Exercise also forms an important part of diabetes management. For adults, it is recommended that 150 minutes of moderate-intensity or 75 minutes of high-intensity aerobic exercise be performed every week. However, if you have heart disease, it is best to speak to your diabetes care team about what you can and can not do when it comes to exercise. If you want to take part in sports, your diabetes care team may suggest a screening for heart disease first."
https://sa.vitalaire.com/diabetes-treatment-and-management,Diabetes Treatment and Management | VitalAire Arabia,h2,Oral Antidiabetic Drugs,"There are a number of tablets that can be taken for type 2 diabetes.

The preferred medication to start on first, if the person with diabetes is not allergic to it, is metformin (at a lower dosage). Metformin lowers blood glucose levels by reducing the rate at which glucose is produced by the liver.

If the dose of metformin has been increased to its maximum and blood glucose targets (measured by HbA1c) are still not met, either a second tablet or insulin injections could be started.

There are several other tablets that could be prescribed, either instead of, or in addition to, metformin. These include:

• Biguanides
• Sulfonylureas
• ​​Sulfonamides (heterocyclic)
• Thiazolidinedione (TZDs)
• Alpha-glucosidase inhibitors
• Dipeptidyl peptidase 4 (DPP-4) inhibitors
• Sodium-glucose co-transporter 2 (SGLT2) inhibitors

Your healthcare team will help you decide what treatment is best for you, taking into account your preferences as well as the characteristics of the treatments available. The aim will be to meet your blood glucose goals while avoiding or minimizing side effects."
https://sa.vitalaire.com/diabetes-treatment-and-management,Diabetes Treatment and Management | VitalAire Arabia,h2,Injectable Medications for Type 2 Diabetes,"While tablets are the preferred first medication for type 2 diabetes, for some patients, other treatments may be needed.

One type of injectable medication for type 2 diabetes is GLP-1 inhibitors. These increase insulin secretion but do not increase the risk of low blood glucose (hypoglycemia).

In newly diagnosed type 2 diabetes, if the blood glucose is very high or the person has symptoms of high blood glucose, the healthcare team may decide to start insulin treatment.

People with type 2 diabetes may be put onto a basal-bolus regimen. This involves taking a longer-acting form of insulin (which keeps blood glucose levels stable through periods of fasting) as well as separate doses of shorter-acting insulin (which prevent rises in blood glucose levels resulting from meals). If they experience significantly high blood glucose levels after meals and need to have a flexible insulin regimen to fit in with their lifestyle.

Type 2 diabetes can be a progressive condition, so many patients will eventually end up on insulin therapy.

Whether you have type 1 or type 2 diabetes, your healthcare team will work with you to create a plan to allow you to manage your diabetes.

Hopefully, this article will empower you to better understand the treatments that you are being offered and decide which are best for you.

American Diabetes Association. Diagnosis and classification of diabetes mellitus. Diabetes Care. 2004; 27(S1): S5-S10

Wilcox, G. Insulin and insulin resistance. Clin Biochem Rev. 2005; 26:19-39

International Diabetes Federation, IDF Diabetes Atlas 8th edition, 2017

American Diabetes Association. Standards of medical care in diabetes- 2015. Diabetes Care 2015;38(Suppl. 1): S1-S93

Dolinar, R. The Importance of Good Insulin Injection Practices in Diabetes Management. Endocrinology. 2009;5(1):49-52

Frid, AH, et al. New insulin delivery recommendations. Mayo Clin Proc. 2016; 91(9):1231-1255

Kesavadev, J., Saboo, B., Krishna, M.B. et al. Evolution of Insulin Delivery Devices: From Syringes, Pens, and Pumps to DIY Artificial Pancreas. Diabetes Ther 2020; 11: 1251–1269

Buse, JB et al. 100 years on: the impact of the discovery of insulin on clinical outcomes. BMJ Open Diab Res Care. 2021; 9:e002373

Evert AB, et al. Nutrition therapy for adults with diabetes or prediabetes: a consensus report. Diabetes Care. 2019; 42:731-754

WHO Collaborating Centre for Drug Statistics Methodology, ATC/DDD Index. Accessed 07/2022

VitalAire is the global brand for Air Liquide’s Home Healthcare activities, which supports at home 2.3 million people living with chronic disease in 2025. VitalAire benefits from 40 years of expertise in respiratory diseases (sleep apnea, long-term oxygen therapy, out-of-hospital ventilation), infusion therapies (diabetes, pulmonary arterial hypertension), and community care.

• VitalAire Worldwide
• Air Liquide Saudi Arabia
• Air Liquide Worldwide

• Shop now
• Visit Us

© VitalAire Arabia 2026

• Terms & conditions
• Legal Notice
• Accessibility
• Sitemap
• Manage cookies"
https://sa.vitalaire.com/ar/anqta-alnfs-athna-alnwm/anqta-alnfs-athna-alnwm/ma-hw-anqta-alnfs-athna-alnwm,ما هو انقطاع النفس أثناء النوم؟ | VitalAire Arabia,h1,ما هو انقطاع النفس أثناء النوم؟,
https://sa.vitalaire.com/ar/anqta-alnfs-athna-alnwm/anqta-alnfs-athna-alnwm/ma-hw-anqta-alnfs-athna-alnwm,ما هو انقطاع النفس أثناء النوم؟ | VitalAire Arabia,h2,لماذا ننام؟,النوم وظيفة أساسية تتيح للجسم والعقل استعادة نشاطيهما، حتى تكون متيقظًا ونشطًا عند استيقاظك. ويساعد النوم الصحي أيضًا الجسم في أن يظل سليمًا كما يقيه من الأمراض.
https://sa.vitalaire.com/ar/anqta-alnfs-athna-alnwm/anqta-alnfs-athna-alnwm/ma-hw-anqta-alnfs-athna-alnwm,ما هو انقطاع النفس أثناء النوم؟ | VitalAire Arabia,h2,شرح انقطاع النفس أثناء النوم في دقيقة واحدة,"انقطاع النفس أثناء النوم هو توقف لا إرادي في التنفس أثناء النوم لمدة 10 ثوانٍ على الأقل. انقطاع النفس الانسدادي أثناء النوم هو النوع الأكثر شيوعًا، ويحدث بسبب انسداد الممرات الهوائية في الحلق (1،2)، ويحدث عند استرخاء العضلات أثناء النوم. تتم إعاقة تدفق الهواء أو تقليله، ممّا يتسبب في حدوث اهتزازات تؤدي إلى الشخير أثناء النوم وانخفاض الأكسجين. يستشعر الدماغ هذا النقص في الأكسجين ويستجيب ""بإيقاظ دقيق"" مفاجئ وغير واعٍ وقصير، والذي يُسمى بالشخير الإنعاشي لاستعادة النفس. يؤدي الانقطاع المتكرر باستمرار للنفس طوال الليل إلى كسر نمط النوم، ممّا يؤدي إلى إبطال كونه نشاطًا يعمل على إعادة الحيوية والنشاط.

اطلب الآن"
https://sa.vitalaire.com/ar/anqta-alnfs-athna-alnwm/anqta-alnfs-athna-alnwm/ma-hw-anqta-alnfs-athna-alnwm,ما هو انقطاع النفس أثناء النوم؟ | VitalAire Arabia,h2,شاهد هذا الفيديو؛ لمعرفة المزيد عن انقطاع النفس أثناء النوم,"• American Sleep Association (ASA) https://www.sleepassociation.org/about-sleep/what-is-sleep/
• Rules for Scoring Respiratory Events in Sleep: Update of the 2007 AASM Manual for Scoring of Sleep and Associated Events – Journal of Clinical Sleep Medicine, Vol. 8, No. 5, 2012 https://www.sleepassociation.org/about-sleep/what-is-sleep/

اطلب الآن

تُعد فيتال إير العلامة التجارية العالمية لأنشطة الرعاية الصحية المنزلية التابعة لـ إير ليكيد والتي تدعم في المنزل 2.3 مليون شخص يعيشون بأمراض مزمنة في عام 2025. تستفيد فيتال إير من 40 عامًا من الخبرة في أمراض الجهاز التنفسي (انقطاع التنفس أثناء النوم، العلاج بالأكسجين طويل الأمد، التهوية خارج المستشفيات)، وعلاجات التسريب الوريدي (السكري، ارتفاع ضغط الدم الشرياني الرئوي)، والرعاية المجتمعية.

• VitalAire Worldwide
• إيرليكويد السعودية
• إيرليكيد العالمية

• اطلب الآن
• قم بزيارتنا

© VitalAire Arabia 2026

• الأحكام والشروط
• إشعار قانوني
• Accessibility
• Sitemap
• Manage cookies"
https://sa.vitalaire.com/ar/anqta-alnfs-athna-alnwm/anqta-alnfs-athna-alnwm/hl-aany-mn-anqta-alnfs-athna-alnwm,هل أعاني من انقطاع النفس أثناء النوم؟ | VitalAire Arabia,h1,هل أعاني من انقطاع النفس أثناء النوم؟,
https://sa.vitalaire.com/ar/anqta-alnfs-athna-alnwm/anqta-alnfs-athna-alnwm/hl-aany-mn-anqta-alnfs-athna-alnwm,هل أعاني من انقطاع النفس أثناء النوم؟ | VitalAire Arabia,h3,الخطوة الأولى: ابحث عن اختصاصي نوم إذا كنت تعتقد أنك تعاني من انقطاع النفس أثناء النوم؛ فيجب عليك حجز موعد مع طبيبك للتحدث عن الأعراض. إذا رأى طبيبك أنك مُعرَّض لخطر انقطاع النفس أثناء النوم أو اضطراب نوم آخر؛ فسوف يحيلك إلى اختصاصي نوم.,
https://sa.vitalaire.com/ar/anqta-alnfs-athna-alnwm/anqta-alnfs-athna-alnwm/hl-aany-mn-anqta-alnfs-athna-alnwm,هل أعاني من انقطاع النفس أثناء النوم؟ | VitalAire Arabia,h3,الخطوة الثانية: التجهز للزيارة قبل زيارة اختصاصي النوم؛ اضغط على رابط هل أنا مُعرَّض للخطر؟ للانتقال إلى الاستبيان. سوف يساعدك ذلك في تقييم مخاطر انقطاع النفس أثناء النوم.,"اطلب الآن

https://www.ncbi.nlm.nih.gov/pmc/articles/PMC3501662/

تُعد فيتال إير العلامة التجارية العالمية لأنشطة الرعاية الصحية المنزلية التابعة لـ إير ليكيد والتي تدعم في المنزل 2.3 مليون شخص يعيشون بأمراض مزمنة في عام 2025. تستفيد فيتال إير من 40 عامًا من الخبرة في أمراض الجهاز التنفسي (انقطاع التنفس أثناء النوم، العلاج بالأكسجين طويل الأمد، التهوية خارج المستشفيات)، وعلاجات التسريب الوريدي (السكري، ارتفاع ضغط الدم الشرياني الرئوي)، والرعاية المجتمعية.

• VitalAire Worldwide
• إيرليكويد السعودية
• إيرليكيد العالمية

• اطلب الآن
• قم بزيارتنا

© VitalAire Arabia 2026

• الأحكام والشروط
• إشعار قانوني
• Accessibility
• Sitemap
• Manage cookies"
https://sa.vitalaire.com/am-i-risk-sleep-apnea-1,Am I at Risk for Sleep Apnea? | VitalAire Arabia,h1,Am I at Risk for Sleep Apnea?,"The Berlin Questionnaire is divided into 4 categories and suggests more specifically the diagnosis of sleep apnea. However, the diagnosis can be defined by a polysomnography test ordered by your doctor."
https://sa.vitalaire.com/am-i-risk-sleep-apnea-1,Am I at Risk for Sleep Apnea? | VitalAire Arabia,h2,Test test,"Search

VitalAire is the global brand for Air Liquide’s Home Healthcare activities, which supports at home 2.3 million people living with chronic disease in 2025. VitalAire benefits from 40 years of expertise in respiratory diseases (sleep apnea, long-term oxygen therapy, out-of-hospital ventilation), infusion therapies (diabetes, pulmonary arterial hypertension), and community care.

• VitalAire Worldwide
• Air Liquide Saudi Arabia
• Air Liquide Worldwide

• Shop now
• Visit Us

© VitalAire Arabia 2026

• Terms & conditions
• Legal Notice
• Accessibility
• Sitemap
• Manage cookies"
https://sa.vitalaire.com/ar/anqta-alnfs-athna-alnwm/anqta-alnfs-athna-alnwm/ma-laj-anqta-alnfs-athna-alnwm,ما علاج انقطاع النفس أثناء النوم؟ | VitalAire Arabia,h1,ما علاج انقطاع النفس أثناء النوم؟,الضغط الهوائي الإيجابي المستمر (CPAP) عبارة عن جهاز يوفر تيارًا مستمرًا من ضغط الهواء؛ لإبقاء مجرى الهواء مفتوحًا ومنعه من الانسداد أثناء النوم. العلاج بجهاز الضغط الهوائي الإيجابي المستمر (CPAP) هو العلاج الأكثر شيوعًا لانقطاع النفس الانسدادي أثناء النوم. وعلى الرغم من أن العلاج قد يبدو في البداية صعبًا وغير مريح، فإننا نساعدك بفضل تقديم العون لفترة طويلة والتزام الاختصاصيين لدينا على الالتزام بالعلاج وتحقيق جودة الحياة التي تستحقها
https://sa.vitalaire.com/ar/anqta-alnfs-athna-alnwm/anqta-alnfs-athna-alnwm/ma-laj-anqta-alnfs-athna-alnwm,ما علاج انقطاع النفس أثناء النوم؟ | VitalAire Arabia,h2,نقدم عدة برامج دعم لتفي باحتياجاتك على نحو مخصص:,"يشمل برنامج اس تي 1 توفير جهاز CPAP وملحقاته وضمانًا قياسيًّا لمدة عامين. يشمل برنامج أس تي 1 , أس تي 2 + برنامج بدء علاج المريض ومتابعته خلال أول 30 يومًا بعد شراء الجهاز، حيث يتم القيام بزيارتين للمنزل، بجانب التوعية بانقطاع النفس الانسدادي أثناء النوم وعلاج الضغط الهوائي الإيجابي المستمر وإجراء مكالمات متابعة خاصة. يشمل البرنامج أس تي 1 , أس تي 2 و أس تي 3 + برنامج تحسين علاجي يقدم المتابعة مرةً واحدةً كل شهر خلال أول 3 أشهر، ثم بعد ذلك يتم إجراء مراجعة للتوعية وتقييمات للالتزام كل 6 أشهر. لمعرفة خدمات تشخيص النوم؛ برجاء زيارتنا والتواصل معنا *(أس تي 1 , أس تي 2 , أس تي 3) رمـوز العروض المُستخدمة لطلبات الخدمة الرسمية

اطلب الآن"
https://sa.vitalaire.com/ar/anqta-alnfs-athna-alnwm/anqta-alnfs-athna-alnwm/ma-laj-anqta-alnfs-athna-alnwm,ما علاج انقطاع النفس أثناء النوم؟ | VitalAire Arabia,h2,ماهو ضغط المجرى الهوائي الإيجابي المستمر؟,"الرجاء مشاهدة الفيديو أدناه لمعرفة جهاز الضغط الهوائي الإيجابي المستمر.

تُعد فيتال إير العلامة التجارية العالمية لأنشطة الرعاية الصحية المنزلية التابعة لـ إير ليكيد والتي تدعم في المنزل 2.3 مليون شخص يعيشون بأمراض مزمنة في عام 2025. تستفيد فيتال إير من 40 عامًا من الخبرة في أمراض الجهاز التنفسي (انقطاع التنفس أثناء النوم، العلاج بالأكسجين طويل الأمد، التهوية خارج المستشفيات)، وعلاجات التسريب الوريدي (السكري، ارتفاع ضغط الدم الشرياني الرئوي)، والرعاية المجتمعية.

• VitalAire Worldwide
• إيرليكويد السعودية
• إيرليكيد العالمية

• اطلب الآن
• قم بزيارتنا

© VitalAire Arabia 2026

• الأحكام والشروط
• إشعار قانوني
• Accessibility
• Sitemap
• Manage cookies"
https://sa.vitalaire.com/ar/anqta-alnfs-athna-alnwm/anqta-alnfs-athna-alnwm/khdmatna-w-mntjatna,خدماتـنا و منتجاتـنا | VitalAire Arabia,h1,خدماتـنا و منتجاتـنا,تقدم شركة فايتالير العربية من أفضل الدعم العلاجي وتوفر حلول علاجية مثل جهاز الضغط الهوائي الإيجابي وتضمن لك مجمعة قناعات وملحقات وخدمات لتلبية احتياجاتك
https://sa.vitalaire.com/ar/anqta-alnfs-athna-alnwm/anqta-alnfs-athna-alnwm/khdmatna-w-mntjatna,خدماتـنا و منتجاتـنا | VitalAire Arabia,h3,اختر توليفة قناع وجهاز الضغط الهوائي الإيجابي المثالي لك,يقدم خبراؤنا يد العون لتيسير انتقالك وتحسين نتائج علاج الضغط الهوائي الإيجابي. وتتيح فايتالير العربية إمكانية تجربة واختبار أجهزة الضغط الهوائي الإيجابي قبل الشراء، ممّا يضمن لك الثقة في اتخاذ القرار الصحيح.
https://sa.vitalaire.com/ar/anqta-alnfs-athna-alnwm/anqta-alnfs-athna-alnwm/khdmatna-w-mntjatna,خدماتـنا و منتجاتـنا | VitalAire Arabia,h3,خيارات أكثر مع مشتريات أجهزة الضغط الهوائي الإيجابي,"تركيب القناع بشكل صحيح عامل مهم للحصول على علاج فعّال بجهاز الضغط الهوائي الإيجابي؛ ولذلك نقدم خدمة تركيب القناع مجانًا في أيٍّ من غرف العرض وفروعنا داخل البلاد.

تواصل معنا للاستفسار عن جهاز الضغط الهوائي الإيجابي الخاص بك

مزايا شراء جهاز الضغط الهوائي الإيجابي من فايتالير:

• تركيب قناع جهاز الضغط الهوائي الإيجابي مجانًا في أحد فروعنا على مستوى البلاد.
• العرض العملي للأجهزة والتعريف بها.
• تجربة جهازك قبل شرائه.
• الدعم الهاتفي المستمر.
• ضمان لمدة سنتين للأجهزة.
• خدمة فنية على مستوى البلاد. أطلب الآن"
https://sa.vitalaire.com/ar/anqta-alnfs-athna-alnwm/anqta-alnfs-athna-alnwm/khdmatna-w-mntjatna,خدماتـنا و منتجاتـنا | VitalAire Arabia,h2,جهاز يغير حياتك,"تُعد فيتال إير العلامة التجارية العالمية لأنشطة الرعاية الصحية المنزلية التابعة لـ إير ليكيد والتي تدعم في المنزل 2.3 مليون شخص يعيشون بأمراض مزمنة في عام 2025. تستفيد فيتال إير من 40 عامًا من الخبرة في أمراض الجهاز التنفسي (انقطاع التنفس أثناء النوم، العلاج بالأكسجين طويل الأمد، التهوية خارج المستشفيات)، وعلاجات التسريب الوريدي (السكري، ارتفاع ضغط الدم الشرياني الرئوي)، والرعاية المجتمعية.

• VitalAire Worldwide
• إيرليكويد السعودية
• إيرليكيد العالمية

• اطلب الآن
• قم بزيارتنا

© VitalAire Arabia 2026

• الأحكام والشروط
• إشعار قانوني
• Accessibility
• Sitemap
• Manage cookies"
https://sa.vitalaire.com/ar/allaj-balaksjyn/ma-hw-allaj-almnzly-balaksjyn,ما هو العلاج المنزلي بالأكسجين؟ | VitalAire Arabia,h1,ما هو العلاج المنزلي بالأكسجين؟,العلاج المنزلي بالأكسجين عبارة عن علاج لفشل الجهاز التنفسي المتقدم في المنزل. يقلل إمداد الأكسجين حالات الفشل الرئوي ويحسَّن وظائف جميع الأعضاء، ممّا يعمل على تخفيف الأعراض بسرعة: لذلك لا تشعر بالتعب، وتكتسب طاقة ونشاطًا أكبر. يمكن أن يصحح العلاج بالأكسجين تكوُّن الدم عبر تحسين توازن تبادل الغازات بين الهواء والدم. يتضمن العلاج بالأكسجين استنشاق هواء غني بالأكسجين لتصحيح نقص تأكسج الدم (نقص الأكسجين في الدم) عندما يكون شديدًا.
https://sa.vitalaire.com/ar/allaj-balaksjyn/ma-hw-allaj-almnzly-balaksjyn,ما هو العلاج المنزلي بالأكسجين؟ | VitalAire Arabia,h2,العلاج قصير الأمد بالأكسجين,يتم وصف العلاج قصير الأمد بالأكسجين في الغالب للسماح بخروج المرضى الذين يعانون من مرض الانسداد الرئوي المزمن من المستشفى بشكل آمِن عقب حالة التوعك الحاد
https://sa.vitalaire.com/ar/allaj-balaksjyn/ma-hw-allaj-almnzly-balaksjyn,ما هو العلاج المنزلي بالأكسجين؟ | VitalAire Arabia,h2,العلاج طويل الأمد بالأكسجين,"العلاج طويل الأمد بالأكسجين هو علاج أثبت فعاليته في تحسين البقاء على قيد الحياة عند المرضى الذين يعانون من مرض الانسداد الرئوي المزمن مع حدوث فشل حاد بالجهاز التنفسي.

اطلب الآن

https://www.ncbi.nlm.nih.gov/pmc/articles/PMC2629963/ https://www.dovepress.com/short-term-oxygen-therapy-outcomes-in-copd-peer-reviewed-fulltext-article-COPD#:~:text=Rationale%3A%20Short%2Dterm%20oxygen%20therapy,without%20being%20based%20on%20evidence .

تُعد فيتال إير العلامة التجارية العالمية لأنشطة الرعاية الصحية المنزلية التابعة لـ إير ليكيد والتي تدعم في المنزل 2.3 مليون شخص يعيشون بأمراض مزمنة في عام 2025. تستفيد فيتال إير من 40 عامًا من الخبرة في أمراض الجهاز التنفسي (انقطاع التنفس أثناء النوم، العلاج بالأكسجين طويل الأمد، التهوية خارج المستشفيات)، وعلاجات التسريب الوريدي (السكري، ارتفاع ضغط الدم الشرياني الرئوي)، والرعاية المجتمعية.

• VitalAire Worldwide
• إيرليكويد السعودية
• إيرليكيد العالمية

• اطلب الآن
• قم بزيارتنا

© VitalAire Arabia 2026

• الأحكام والشروط
• إشعار قانوني
• Accessibility
• Sitemap
• Manage cookies"
https://sa.vitalaire.com/ar/altnfs-alsnay/altnfs-alsnay,التنفس الصناعي | VitalAire Arabia,h1,التنفس الصناعي,
https://sa.vitalaire.com/ar/altnfs-alsnay/altnfs-alsnay,التنفس الصناعي | VitalAire Arabia,h3,ماهو التنفس الصناعي ؟,يُساعد التنفس الصناعي المرضى الذين يواجهون صعوبة في التنفس ؛ فيمكن أن يؤدي ذلك إلى تراكم ثاني أكسيد الكربون، ولا يكون الأكسجين الذي يصل للدم كافيًا. تقدم الدعم للرئتين عبر القناع وجهاز التنفس الصناعي. سيتم اختيار القناع ليكون ملائمًا لك، وسيتم ضبط الجهاز بشكل مُخصَّص حسب احتياجاتك.
https://sa.vitalaire.com/ar/altnfs-alsnay/altnfs-alsnay,التنفس الصناعي | VitalAire Arabia,h3,مزايا التنفس الصناعي :,"• تقليل مخاطر الإصابة بعدوى المستشفى.
• تحسين التغذية، وتعديلها حسب احتياجات المريض.
• تكلفة أقل.
• تعمل أجواء المنزل/ الأسرة على تحسين نفسية المريض وسلوكه وشعوره بالمرض.

لا يحل الجهاز محل جهازك التنفسي. وإنما يُعزّز الشهيق والزفير بلطفٍ لتقليل العمل الذي يتعين عليك القيام به. ويمكن أن يبدو غريبًا أو غير مريح إلى حدٍّ ما عند البدء في استخدامه. ومع ذلك، معظم الأشخاص يعتادون عليه سريعًا."
https://sa.vitalaire.com/ar/altnfs-alsnay/altnfs-alsnay,التنفس الصناعي | VitalAire Arabia,h3,مزايا التنفس الغير الجراحي :,"من فوائد التنفس الغير الجراحي تحسين جودة النوم، ممّا يتيح مستويات أفضل من طاقتك وتركيزك خلال اليوم.

يمكن أن يساعدك في أداء مزيد من المهام اليومية، وقد يقلل من احتمالية الخمول."
https://sa.vitalaire.com/ar/altnfs-alsnay/altnfs-alsnay,التنفس الصناعي | VitalAire Arabia,h3,أنماط التهوية غير الجراحية :,"التهوية الغير جراحية الخاضعة للمراقبة: يعدل تدفق التنفس بغض النظر عن نشاط الجهاز التنفسي للمريض. ويتم تعديل حجم ومعدل التنفس وفقًا لاحتياجات المريض. التنفس الصناعي المساعد : يبدأ المريض في التنفس ويعمل جهاز التنفس على المساعدة في التنفس حسب المعدل المضبوط.

اطلب الآن

تُعد فيتال إير العلامة التجارية العالمية لأنشطة الرعاية الصحية المنزلية التابعة لـ إير ليكيد والتي تدعم في المنزل 2.3 مليون شخص يعيشون بأمراض مزمنة في عام 2025. تستفيد فيتال إير من 40 عامًا من الخبرة في أمراض الجهاز التنفسي (انقطاع التنفس أثناء النوم، العلاج بالأكسجين طويل الأمد، التهوية خارج المستشفيات)، وعلاجات التسريب الوريدي (السكري، ارتفاع ضغط الدم الشرياني الرئوي)، والرعاية المجتمعية.

• VitalAire Worldwide
• إيرليكويد السعودية
• إيرليكيد العالمية

• اطلب الآن
• قم بزيارتنا

© VitalAire Arabia 2026

• الأحكام والشروط
• إشعار قانوني
• Accessibility
• Sitemap
• Manage cookies"
https://sa.vitalaire.com/ar/qm-bzyartna-atsl-bna,قم بزيارتنا / اتصل بنـا | VitalAire Arabia,h1,قم بزيارتنا / اتصل بنـا,"تهدف خدمة العملاء لدينا إلى تزويدك بخدمات شخصية في جو مريح ومتناغم.

تفضل بزيارتنا والتحدث إلى خبرائنا للعثور على أفضل الحلول التي تحتاجها.

هاتـف : 920023202 واتس اب: +966 0500151059

قم بزيارتنا الآن.

هاتـف : 920023202 واتس آب : +966 50 0151 05

قم بزيارتنا الآن.

هاتـف : 920023202 واتس آب : +966 50 0151 05

قم بزيارتنا الآن.

تُعد فيتال إير العلامة التجارية العالمية لأنشطة الرعاية الصحية المنزلية التابعة لـ إير ليكيد والتي تدعم في المنزل 2.3 مليون شخص يعيشون بأمراض مزمنة في عام 2025. تستفيد فيتال إير من 40 عامًا من الخبرة في أمراض الجهاز التنفسي (انقطاع التنفس أثناء النوم، العلاج بالأكسجين طويل الأمد، التهوية خارج المستشفيات)، وعلاجات التسريب الوريدي (السكري، ارتفاع ضغط الدم الشرياني الرئوي)، والرعاية المجتمعية.

• VitalAire Worldwide
• إيرليكويد السعودية
• إيرليكيد العالمية

• اطلب الآن
• قم بزيارتنا

© VitalAire Arabia 2026

• الأحكام والشروط
• إشعار قانوني
• Accessibility
• Sitemap
• Manage cookies"
https://sa.vitalaire.com/ar/alrayt-alshyt-almnzlyt/zyart-altbyb-almnzlyt,زيارة الطبيب المنزلية | VitalAire Arabia,h1,زيارة الطبيب المنزلية,"خدمة زيارة الاطباء المنزلية من فايتالير العربية توفر لك ولمن تحب الرعاية الصحية لجميع الفئات العمرية وتكون الرعاية المقدمة للحالات التي يمكن عادة علاجها في عيادات خارجية و أيضا متابعة الأمراض المزمنة مما يختصر الكثير من الوقت والجهد.

نحن فايتالير العربية نخبة من الأطباء المتميزين من جميع التخصصات الطبية نعرض خدماتنا المنزلية وهدفنا الأول هي صحتك وصحة عائلتك دائما وأبدا."
https://sa.vitalaire.com/ar/alrayt-alshyt-almnzlyt/zyart-altbyb-almnzlyt,زيارة الطبيب المنزلية | VitalAire Arabia,h3,نبدأ برعاية طفلك,وذلك يشمل الفحوصات لحالات الأطفال الغير طارئة وعلاجها بكفاءة عالية ومتابعة النمو والتغذية العامة لطفلك مع الاهتمام بتغذيته قبل وبعد وأثناء التمرين لمساعدته بجعله طفل قوي ذو بنية عضلية فريده .
https://sa.vitalaire.com/ar/alrayt-alshyt-almnzlyt/zyart-altbyb-almnzlyt,زيارة الطبيب المنزلية | VitalAire Arabia,h3,رعاية صحة الأم والطفل,رعاية صحة الأم والطفل هي الخدمة الصحية المقدمة للأمهات (النساء في سن الإنجاب) والأطفال. أطباء الرعاية الصحية المنزلية في فيتالير العربية هنا للمساعدة. يمكنهم إرشادك والمتابعة خلال فترة الحمل ودعمك في الحفاظ على سلامة وصحة المولود الجديد.
https://sa.vitalaire.com/ar/alrayt-alshyt-almnzlyt/zyart-altbyb-almnzlyt,زيارة الطبيب المنزلية | VitalAire Arabia,h3,رعاية كبار السِن,المنزل هو منطقة الراحة لنا جميعا ، وخاصة كبار السن في المنزل. لديهم الكثير من الذكريات المرتبطة بالمنزل الذي قضوا فيه وقت الذروة وهذا هو السبب في أن معظم كبار السن يحبون البقاء في المنزل بدلا من الانتقال إلى مرفق رعاية المسنين. العناية الشخصية، والتغذية العلاجية، والرعاية الخاصة للأمراض الذهانية لمرض الزهايمر، والأمراض العصبية، والسكتة الدماغية والشلل الدماغي، ورعاية السرطان.
https://sa.vitalaire.com/ar/alrayt-alshyt-almnzlyt/zyart-altbyb-almnzlyt,زيارة الطبيب المنزلية | VitalAire Arabia,h3,الرعاية الصحية المنزلية للحوامل,"العناية بالحوامل في المنزل والمحافظة على راحتها لأقصى درجة ..

تهدف خدمات رعاية الحمل التي نقدمها إلى تزويد النساء الحوامل بالدعم الطبي أثناء الحمل وتوفيره ؛

• فحوصات مخبرية شاملة أثناء الحمل
• الأدوية والفيتامينات أثناء الحمل
• خدمات التغذية مع تصميم برنامج غذائي

العناية اللازمة لعلاج المشاكل الصحية المختلفة أثناء الحمل مثل:

• التهاب المعدة والأمعاء ونزلات البرد والربو القصبي
• ارتجاع المريء والقيء والتهاب المعدة
• التهاب الجيوب الأنفية والتهاب المسالك البولية
• فقر الدم الحاد والمزمن"
https://sa.vitalaire.com/ar/alrayt-alshyt-almnzlyt/zyart-altbyb-almnzlyt,زيارة الطبيب المنزلية | VitalAire Arabia,h3,الأستشارة الهاتفية,
https://sa.vitalaire.com/ar/alrayt-alshyt-almnzlyt/zyart-altbyb-almnzlyt,زيارة الطبيب المنزلية | VitalAire Arabia,h3,ما هو التطبيب عن بُعد؟,يشير التطبيب عن بعد إلى ممارسة رعاية المرضى عن بعد عندما لا يكون مقدم الخدمة والمريض موجودين جسديا مع بعضهما البعض. مكنت التكنولوجيا الحديثة الأطباء من استشارة المرضى باستخدام مكالمة فيديو، مكالمة صوتية.
https://sa.vitalaire.com/ar/alrayt-alshyt-almnzlyt/zyart-altbyb-almnzlyt,زيارة الطبيب المنزلية | VitalAire Arabia,h3,ما هي الفائدة منه؟,يسمح بالاتصال بالمرضى والأطباء عن بعد ، والرعاية ، والمشورة ، والتذكير ، والتعليم ، والتدخل ، والمراقبة ، والمتابعة عن بُعد.
https://sa.vitalaire.com/ar/alrayt-alshyt-almnzlyt/zyart-altbyb-almnzlyt,زيارة الطبيب المنزلية | VitalAire Arabia,h3,لا داعي للقلق واطمئنوا، طبيبكم على بُعد مُكالمة هاتفية فقط.📞,"تُعد فيتال إير العلامة التجارية العالمية لأنشطة الرعاية الصحية المنزلية التابعة لـ إير ليكيد والتي تدعم في المنزل 2.3 مليون شخص يعيشون بأمراض مزمنة في عام 2025. تستفيد فيتال إير من 40 عامًا من الخبرة في أمراض الجهاز التنفسي (انقطاع التنفس أثناء النوم، العلاج بالأكسجين طويل الأمد، التهوية خارج المستشفيات)، وعلاجات التسريب الوريدي (السكري، ارتفاع ضغط الدم الشرياني الرئوي)، والرعاية المجتمعية.

• VitalAire Worldwide
• إيرليكويد السعودية
• إيرليكيد العالمية

• اطلب الآن
• قم بزيارتنا

© VitalAire Arabia 2026

• الأحكام والشروط
• إشعار قانوني
• Accessibility
• Sitemap
• Manage cookies"
https://sa.vitalaire.com/ar/alrayt-alshyt-almnzlyt/zyart-altmryd-almnzly,زيارة التمريض المنزلي | VitalAire Arabia,h1,زيارة التمريض المنزلي,
https://sa.vitalaire.com/ar/alrayt-alshyt-almnzlyt/zyart-altmryd-almnzly,زيارة التمريض المنزلي | VitalAire Arabia,h2,ما هو تمريض الصحة المنزلية؟,تمريض الصحة المنزلية هو تخصص تمريضي يقدم فيه فريق التمريض رعاية منزلية متعددة الأبعاد للمرضى من جميع الأعمار. الرعاية الصحية المنزلية هي وسيلة فعالة من حيث التكلفة لتقديم رعاية عالية الجودة في راحة منزل العميل. يضع فريق التمريض الصحي المنزلي خطط رعاية لتحقيق الأهداف بناءً على تشخيص العميل.
https://sa.vitalaire.com/ar/alrayt-alshyt-almnzlyt/zyart-altmryd-almnzly,زيارة التمريض المنزلي | VitalAire Arabia,h3,ما هي خدمات التمريض المنزلي التي تقدمها فايتاليرالعربية؟,"• اعطاء الأدوية
• الفحوصات المعملية
• العناية بثقب القصبة الهوائية وفغر القولون ألخ
• القسطرة البولية
• غيار الجروح الجراحية
• تخطيط القلب
• رعاية المسنين
• العنـاية بمرضى الجهاز التنفسي
• رعاية مرضى السرطان"
https://sa.vitalaire.com/ar/alrayt-alshyt-almnzlyt/zyart-altmryd-almnzly,زيارة التمريض المنزلي | VitalAire Arabia,h3,رعاية الجهاز التنفسي :,"نقدم لعملائنا حلول رعاية صحية ومبتكرة مع الاستعانة بالخدمات الطبية و الفنية لتلبية معايير السلامة ومعايير التميز. فريقنا الطبي هم خبراء في العلاجات التنفسية مثل :

• العلاج بالاكسجين للأشخاص الذين يعانون من أمراض الجهاز التنفسي المزمن ، وخاصة المرضى المصابين بمرض الانسداد الرئوي المزمن.
• الرعاية ومتابعة مرضى انقطاع النفس النومي."
https://sa.vitalaire.com/ar/alrayt-alshyt-almnzlyt/zyart-altmryd-almnzly,زيارة التمريض المنزلي | VitalAire Arabia,h3,اختبار النوم في المنزل :,"اختبار النوم في المنزل هو أحد أنواع دراسات النوم التي يتم إجراؤها في راحة منزلك، والتي تُساعد في تحديد ما إذا كنت تُعاني من انقطاع التنفس الانسدادي أثناء النوم. يقيس الاختبار مجموعة من وظائف الجسم مثل معدل التنفس وضربات القلب.

تُعد فيتال إير العلامة التجارية العالمية لأنشطة الرعاية الصحية المنزلية التابعة لـ إير ليكيد والتي تدعم في المنزل 2.3 مليون شخص يعيشون بأمراض مزمنة في عام 2025. تستفيد فيتال إير من 40 عامًا من الخبرة في أمراض الجهاز التنفسي (انقطاع التنفس أثناء النوم، العلاج بالأكسجين طويل الأمد، التهوية خارج المستشفيات)، وعلاجات التسريب الوريدي (السكري، ارتفاع ضغط الدم الشرياني الرئوي)، والرعاية المجتمعية.

• VitalAire Worldwide
• إيرليكويد السعودية
• إيرليكيد العالمية

• اطلب الآن
• قم بزيارتنا

© VitalAire Arabia 2026

• الأحكام والشروط
• إشعار قانوني
• Accessibility
• Sitemap
• Manage cookies"
https://sa.vitalaire.com/ar/alrayt-alshyt-almnzlyt/allaj-altbyy,العلاج الطبيعي | VitalAire Arabia,h1,العلاج الطبيعي,
https://sa.vitalaire.com/ar/alrayt-alshyt-almnzlyt/allaj-altbyy,العلاج الطبيعي | VitalAire Arabia,h3,هي إحدى المهن الصحية المساندة. يتم توفيره من قبل المعالجين الفيزيائيين الذين يعززون الصحة أو يحافظون عليها أو يستعيدونها من خلال الفحص البدني والتشخيص والإدارة والتنبؤ وتثقيف المريض والتدخل البدني وإعادة التأهيل والوقاية من الأمراض وتعزيز الصحة.,
https://sa.vitalaire.com/ar/alrayt-alshyt-almnzlyt/allaj-altbyy,العلاج الطبيعي | VitalAire Arabia,h3,لماذا تختار العلاج الطبيعي بالمنزل؟,العلاج الطبيعي المنـزلي ، هو الحل الأمثل لمن يحتاجون إلى علاج طبيعي ولكن ليس لديهم القدرة على الوصول إلى المستشفى فايتـالير العربية مع فريقها المتخصص وأحدث التقنيات تقدم لك خدمة زيارة صحية منزلية متكاملة ، إذا كنت تعاني من الآلام التي تعيقك من حركتك اليومية أو مشاكل التوازن أو الجراحة الحديثة ، فنحن هنا لمساعدتك على تحسين قوتك و توازنك وإعادة تأهيلك معًا جنبًا إلى جنب من أجل حياة أفضل. أحجـز الآن.
https://sa.vitalaire.com/ar/alrayt-alshyt-almnzlyt/allaj-altbyy,العلاج الطبيعي | VitalAire Arabia,h3,من يحتاج إلى العلاج الطبيعي؟,
https://sa.vitalaire.com/ar/alrayt-alshyt-almnzlyt/allaj-altbyy,العلاج الطبيعي | VitalAire Arabia,h3,المسنين,غالبًا ما يؤدي ظهور الشيخوخة إلى ضعف المفاصل والألم. كبار السن في فايتـالير العربية هم في قلب قلوبنا ومن أهم أولوياتنا لأنهم أكثر عرضة للحوادث البسيطة التي تحتاج إلى تدخل العلاج الطبيعي.
https://sa.vitalaire.com/ar/alrayt-alshyt-almnzlyt/allaj-altbyy,العلاج الطبيعي | VitalAire Arabia,h3,إصابات الجهاز العضلي,غالبًا ما يتعرض البعض منا لإصابات عضلية في أنشطتنا اليومية المختلفة ، وقد تكون بعض الإصابات سببًا لتعطيل مهامنا اليومية ، بما في ذلك شد العضلات ، ويساعدك العلاج الطبيعي على التخلص من كل ما يعيقك عن الاستمتاع بحياة خالية من الألم.
https://sa.vitalaire.com/ar/alrayt-alshyt-almnzlyt/allaj-altbyy,العلاج الطبيعي | VitalAire Arabia,h3,الأمراض العصبية,العلاج الطبيعي لإصابات الجهاز العصبي هو علاج المرضى الذين يعانون من اضطراب عصبي. الاضطرابات العصبية هي تلك التي تصيب الدماغ والحبل الشوكي والأعصاب. مثل السكتة الدماغية والتصلب المتعدد ومرض باركنسون ، مع فريقنا المتخصص في الحالات العصبية ، نقدم لك أفضل طرق الرعاية الصحية للإصابات العصبية المختلفة.
https://sa.vitalaire.com/ar/alrayt-alshyt-almnzlyt/allaj-altbyy,العلاج الطبيعي | VitalAire Arabia,h3,مرضى السكتة الدماغية,"مجموعة متنوعة من خطط الرعاية الصحية التي تلعب دورًا أساسيًا في علاج السكتة الدماغية ، مثل إعادة التأهيل والعلاج الطبيعي. يمكن أن تساعد تمارين تقوية العضلات في تخفيف توتر العضلات والحفاظ على قوتك ومرونتك. ويشمل أيضًا تمارين التوازن ، وتمارين التنسيق الحركي العصبي ، والعديد من العلاجات الأخرى.

• إصابات العظام
• إصابات العظام
• إعادة تأهيل آلام أسفل الظهر والرقبة
• إصابات شلل الوجه
• إعادة تأهيل الهيكل العظمي
• إعادة تأهيل خلع الكتف في حالة هشاشة العظام
• إعادة التأهيل بعد الكسور وبعد العمليات
• إعادة تأهيل الأطفال
• إعادة تأهيل استبدال الركبة بالكامل
• تأهيل الاصابات الرياضية
• برنامج صحة المرأة"
https://sa.vitalaire.com/ar/alrayt-alshyt-almnzlyt/allaj-altbyy,العلاج الطبيعي | VitalAire Arabia,h3,معـاً ، لأجل حيـاة أفضل!,"تُعد فيتال إير العلامة التجارية العالمية لأنشطة الرعاية الصحية المنزلية التابعة لـ إير ليكيد والتي تدعم في المنزل 2.3 مليون شخص يعيشون بأمراض مزمنة في عام 2025. تستفيد فيتال إير من 40 عامًا من الخبرة في أمراض الجهاز التنفسي (انقطاع التنفس أثناء النوم، العلاج بالأكسجين طويل الأمد، التهوية خارج المستشفيات)، وعلاجات التسريب الوريدي (السكري، ارتفاع ضغط الدم الشرياني الرئوي)، والرعاية المجتمعية.

• VitalAire Worldwide
• إيرليكويد السعودية
• إيرليكيد العالمية

• اطلب الآن
• قم بزيارتنا

© VitalAire Arabia 2026

• الأحكام والشروط
• إشعار قانوني
• Accessibility
• Sitemap
• Manage cookies"
https://sa.vitalaire.com/ar/alsukry/qyas-aljlwkwz-almstmr/ma-hy-almraqbt-almstmrt-lmstwy-alskr-fy-alwqt-alhqyqy,ما هي المراقبة المستمرة لمستوى السكر في الوقت الحقيقي؟ | VitalAire Arabia,h1,ما هي المراقبة المستمرة لمستوى السكر في الوقت الحقيقي؟,"يساعد في قياس مستويات الجلوكوز في الوقت الفعليباستخدام جهاز طبي يتكون من مستشعر الجلوكوز تحت الجلد وجهاز إرسال بالإضافة إلى جهاز استقبال

جهاز استشعار الجلوكوز بحجم خيط ، ويحتوي على إنزيم - الجلوكوز أوكسيديز - الذي يتفاعل مع وجود الجلوكوز داخل السائل الخلالي، ثم يتم تحرير إشارة كهربائية بقدر وجود الجلوكوز في الأنسجة تحت الجلد.

يستقبل المرسل الإشارة الكهربائية من المستشعر ويرسلها إلى جهاز الاستقبال.

يمكن أن يكون جهاز الاستقبال إما جهاز استقبال مخصصًا أو هاتفًا ذكيًا متوافقًا: يتمثل دور جهاز الاستقبال في عرض بيانات الجلوكوز كل 5 دقائق ، ويشير سهم الاتجاه إلى اتجاه ومعدل تغير الجلوكوز وأحدث البيانات بتنسيق رسومي.

تسمح الأجهزة المحمولة بإعادة توجيه بيانات الجلوكوز ومشاركتها من قبل الأشخاص في الأسرة أو مع مقدمي الرعاية الآخرين. لمساعدتك على التحكم بشكل أفضل بالسكري لديك ، فإن ديكسكوم جي 6 هو الخيار الأفضل.

اطلب الآن

تُعد فيتال إير العلامة التجارية العالمية لأنشطة الرعاية الصحية المنزلية التابعة لـ إير ليكيد والتي تدعم في المنزل 2.3 مليون شخص يعيشون بأمراض مزمنة في عام 2025. تستفيد فيتال إير من 40 عامًا من الخبرة في أمراض الجهاز التنفسي (انقطاع التنفس أثناء النوم، العلاج بالأكسجين طويل الأمد، التهوية خارج المستشفيات)، وعلاجات التسريب الوريدي (السكري، ارتفاع ضغط الدم الشرياني الرئوي)، والرعاية المجتمعية.

• VitalAire Worldwide
• إيرليكويد السعودية
• إيرليكيد العالمية

• اطلب الآن
• قم بزيارتنا

© VitalAire Arabia 2026

• الأحكام والشروط
• إشعار قانوني
• Accessibility
• Sitemap
• Manage cookies"
https://sa.vitalaire.com/ar/alsukry/qyas-aljlwkwz-almstmr/lmadha-mraqbt-aljlwkwz-almstmrt,لماذا مراقبة الجلوكوز المستمرة؟ | VitalAire Arabia,h1,لماذا مراقبة الجلوكوز المستمرة؟,"غيّرت أنظمة مراقبة الجلوكوز المستمرة من طريقة إدارتنا على للسكري. يمكن استخدام أنظمة مراقبة الجلوكوز المستمرة بشكل مستقل أو بدمجها مع أجهزة أخرى لتسريب الإنسولين المستمر مثل مضخات الإنسولين ونظام الحلقة المغلقة الهجينة المتقدمة ، أو أجهزة السكري الأخرى المتصلة. علاوة على ذلك، يمكن تعديل أنظمة مراقبة الجلوكوز المستمرة بشكل أفضل؛ لتلائم الاستخدام الشخصي أو المهني لتحسين مراقبة الجلوكوز لأسباب مختلفة. يُعد نظام مراقبة الجلوكوز المستمرة بروتوكولاً قياسيًّا للسيطرة على مرض السكري، مما يتيح تحسنًا كبيرًا في قيم الهيموغلوبين السكري HbA1c))، مع تقليل مخاطر انخفاض السكر في الدم وزيادة وقت نطاق مستويات الجلوكوز الصحية، ولا يرتبط أي من كل ذلك بطريقة إعطاء الإنسولين. وبفضل أجهزة الاستشعار المتينة والدقيقة، نضمن راحةً وأمنًا إضافيين. كما أن الأنظمة تيسر وتعزز الالتزام بالعلاج بفضل التوافر المستمر لبيانات الجلوكوز والتنبيهات . يمكن للمرضى مشاركة بياناتهم مع متابعيهم الذين يمكن أن يقدموا لهم المساعدة عند الحاجة.

اطلب الآن

تُعد فيتال إير العلامة التجارية العالمية لأنشطة الرعاية الصحية المنزلية التابعة لـ إير ليكيد والتي تدعم في المنزل 2.3 مليون شخص يعيشون بأمراض مزمنة في عام 2025. تستفيد فيتال إير من 40 عامًا من الخبرة في أمراض الجهاز التنفسي (انقطاع التنفس أثناء النوم، العلاج بالأكسجين طويل الأمد، التهوية خارج المستشفيات)، وعلاجات التسريب الوريدي (السكري، ارتفاع ضغط الدم الشرياني الرئوي)، والرعاية المجتمعية.

• VitalAire Worldwide
• إيرليكويد السعودية
• إيرليكيد العالمية

• اطلب الآن
• قم بزيارتنا

© VitalAire Arabia 2026

• الأحكام والشروط
• إشعار قانوني
• Accessibility
• Sitemap
• Manage cookies"
https://sa.vitalaire.com/ar/alsukry/qyas-aljlwkwz-almstmr/mzaya-nzam-almraqbt-almstmrt-lljlwkwz-wastkhdamath,مزايا نظام المراقبة المستمرة للجلوكوز واستخداماته | VitalAire Arabia,h1,مزايا نظام المراقبة المستمرة للجلوكوز واستخداماته,"نظرًا لأن المعلومات التي تُقدِّمها أنظمة القياس المستمر لمستوى الجلوكوز غير متقطعة، استخدام هذه الأجهزة يمتد إلى مواقف سريرية متنوعة وغيرها من المواقف المرتبطة بنمط حياة المصابين بمرض السكري. وفقًا للسمات التي يوفرها الجهاز، فإن المزايا يمكن أن تتمثل فيما يلي:

• تجنب انخفاض السكر، وخاصة طوال الليل أو عند القيام بنشاط بدني، وبجانب برمجة التنبيهات المرتبطة بانخفاض مستويات الجلوكوز و/أو اتجاهات الانخفاض السريع.
• تحسين مراقبة الهيموغلوبين السكري HbA1c))، وهو هدف علاجي يرتبط بمنع المضاعفات لدى مرضى السكري
• المتابعة عن بُعد لمستوى الجلوكوز لدى المريض، ويُعَدّ ذلك مفيدًا بشكل خاص لآباء الأطفال السكريين، حيث يحصلون على بيانات الجلوكوز بشكل فوري وكذلك تنبيهات .
• تحديد ودراسة أنماط اتخاذ القرارات السريرية المهنية، والاستعلام عن أسبابها المحتملة، وذلك بالتعاون مع اختصاصيي الرعاية الصحية المسؤولين عن المصابين بالسكري. يؤدي ذلك إلى إدارة أفضل على السكري، سواء كان ذلك لتعديل جرعة الإنسولين الأساسية أو خطط العلاج أو إدارة المواقف السريرية الأكثر تعقيدًا.

اطلب الآن

تُعد فيتال إير العلامة التجارية العالمية لأنشطة الرعاية الصحية المنزلية التابعة لـ إير ليكيد والتي تدعم في المنزل 2.3 مليون شخص يعيشون بأمراض مزمنة في عام 2025. تستفيد فيتال إير من 40 عامًا من الخبرة في أمراض الجهاز التنفسي (انقطاع التنفس أثناء النوم، العلاج بالأكسجين طويل الأمد، التهوية خارج المستشفيات)، وعلاجات التسريب الوريدي (السكري، ارتفاع ضغط الدم الشرياني الرئوي)، والرعاية المجتمعية.

• VitalAire Worldwide
• إيرليكويد السعودية
• إيرليكيد العالمية

• اطلب الآن
• قم بزيارتنا

© VitalAire Arabia 2026

• الأحكام والشروط
• إشعار قانوني
• Accessibility
• Sitemap
• Manage cookies"
https://sa.vitalaire.com/ar/alsukry/qyas-aljlwkwz-almstmr/khdmatna-wmntjatna,خدماتنا ومنتجاتنا | VitalAire Arabia,h1,خدماتنا ومنتجاتنا,"نظام ديكسكوم جي 6 لمراقبة الجلوكوز باستمرار هو أفضل جهاز في فئته لإدارة السكري بدون ومسح. تم اعتماد نظام ديكسكوم جي 6 لمراقبة الجلوكوز باستمرار؛ ليتم استخدامه بدءًا من عمر عامين .

نظام ديكسكوم جي 6 يساعدك في إدارة السكري :

قراءات سريعة على هاتفك الذكي أو ساعتك، حيث يمكنك معرفة مستويات الجلوكوز، وإلى أي مستوى تميل، ومدى سرعة اتخاذ الإجراءات. يمكن للأصدقاء والأحباء مراقبة مستوى الجلوكوز والاتجاهات عن بُعد باستخدام تطبيق فولو (Follow App) بشكل فوري.

⦁ دقة استثنائية ، يمكنك اتخاذ قرارات علاجية عندما يكون مستوى الجلوكوز مرتفعًا/ منخفضًا أو يرتفع/ ينخفض بسرعة.

⦁ بدون وخز الإصبع أو المسح يتيح حرية إدارة السكري بدون معايرة حتى فيما يتعلق بقرارات علاج السكري.

⦁ مواقع إدخال متعددة حسب ما يفضل المريض: البطن والجزء الخلفي من أعلى الذراع والأرداف العلوية.

⦁ تنبيهات بشأن ارتفاع وانخفاض مستوى الجلوكوز، يتيح ديكسكوم جي 6 لك القدرة على تخصيص التنبيهات حتى يمكنك معرفة توقيت ارتفاع أو انخفاض مستوى الجلوكوز.

⦁ تنبيه عاجل لانخفاض سريع في بعض الأحيان، يمكن أن ينخفض مستوى ​الجلوكوز سريعًا. يمكن للتنبيه التنبؤي العاجل بحدوث انخفاض أن يحذرك قبل حدوث انخفاض خطير بالسكر في الدم بعشرين دقيقة.

⦁ شكل جهاز نحيف، يتميز جهاز الإرسال في ديكسكوم جي 6 بشكل أقل بروزًا. أضعف بنسبة 28% من منتج الجيل السابق.

⦁ مشاركة بيانات الجلوكوز مع Dexcom Share، يمكن للمرضى مشاركة بيانات الجلوكوز والتنبيهات مع ما يصل إلى 10 متابعين، لمزيدٍ من راحة البال والأمان.

⦁ تكامل التشغيل البيني مع مضخات إنسولين متعددة وأنظمة آلية لإعطاء الإنسولين (حلقة مغلقة)"
https://sa.vitalaire.com/ar/alsukry/qyas-aljlwkwz-almstmr/khdmatna-wmntjatna,خدماتنا ومنتجاتنا | VitalAire Arabia,h3,شركة فايتالير العربية هي الموزع الحصري لنظام ديكسكوم جي 6 لمراقبة الجلوكوز باستمرار في المملكة العربية السعودية.,"تعرض شركة فايتالير العربية خدمات البدء والمتابعة، بالإضافة إلى الدعم الفني لضمان تجربة سلسة في أثناء استخدام نظام ديكسكوم جي 6.

تواصل معنا ، سيسعد فريق مرضى السكري لدينا بتقديم الدعم الذي تحتاجه.

* إذا لم تتوافق تنبيهات وقراءات الجلوكوز من G6 مع الأعراض أو التوقعات، فيمكنك استخدام مقياس للجلوكوز بالدم لاتخاذ قرارات علاج السكري

تعرض شركة فايتالير العربية خدمات البدء والمتابعة، بالإضافة إلى الدعم الفني لضمان تجربة سلسة استخدام نظام ديكسكوم جي 6.

اطلب الآن

تُعد فيتال إير العلامة التجارية العالمية لأنشطة الرعاية الصحية المنزلية التابعة لـ إير ليكيد والتي تدعم في المنزل 2.3 مليون شخص يعيشون بأمراض مزمنة في عام 2025. تستفيد فيتال إير من 40 عامًا من الخبرة في أمراض الجهاز التنفسي (انقطاع التنفس أثناء النوم، العلاج بالأكسجين طويل الأمد، التهوية خارج المستشفيات)، وعلاجات التسريب الوريدي (السكري، ارتفاع ضغط الدم الشرياني الرئوي)، والرعاية المجتمعية.

• VitalAire Worldwide
• إيرليكويد السعودية
• إيرليكيد العالمية

• اطلب الآن
• قم بزيارتنا

© VitalAire Arabia 2026

• الأحكام والشروط
• إشعار قانوني
• Accessibility
• Sitemap
• Manage cookies"
https://sa.vitalaire.com/ar/alsukry/mdkht-alanswlyn/ma-almqswd-bmdkht-alanswlyn,ما المقصود بمضخة الأنسولين؟ | VitalAire Arabia,h1,ما المقصود بمضخة الأنسولين؟,"بالنسبة للأشخاص الذين يعانون من السكري والذين سئموا الحقن، يمكن لمضخة الأنسولين تاندم t:slim X2 أن تريحهم . مضخات الأنسولين هي أجهزة صغيرة محوسبة تقوم بتوصيل الأنسولين بطريقتين:

• بجرعة ثابتة ومستمرة (الأنسولين ""القاعدي"") .
• كجرعة (""تصحيحة"") ، في وقت الوجبة .

يتم توصيل الجرعات من خلال أنبوب بلاستيكي بمساعدة إبرة صغيرة ، يتم إدخال الأنبوب عبر الجلد إلى الأنسجة الدهنية ويتم لصقها في مكانها وتسمى مجموعة الأنبوب / الإبرة مجموعة الحقن. يمكن للمضخات أن تطلق جرعات صغيرة من الأنسولين بشكل مستمر (قاعدي) ، أو جرعة تصحيحية قريبة من وقت الوجبة للسيطرة على ارتفاع جلوكوز الدم (سكر الدم) بعد الوجبة. تحاكي هذه العملية إطلاق الجسم الطبيعي للأنسولين. قد تتكامل مضخة الأنسولين مع جهاز مراقبة الجلوكوز المستمر (CGM) للمساعدة في فهم كيفية تأثر جلوكوز الدم لديك وتغيير كمية الأنسولين في بعض الحالات. يمكن أن تساعد المضخات بعض الأشخاص في الوصول إلى أهداف جلوكوز الدم الخاصة بهم ويفضل الكثير من الناس هذا النظام المستمر لتوصيل الأنسولين على الحقن.

تعرف على المزيد حول المراقبة المستمرة للجلوكوز (CGM).

انقر هنا لمعرفة أفضل ما في الاتصال بمضخة الأنسولين .

اطلب الآن

تُعد فيتال إير العلامة التجارية العالمية لأنشطة الرعاية الصحية المنزلية التابعة لـ إير ليكيد والتي تدعم في المنزل 2.3 مليون شخص يعيشون بأمراض مزمنة في عام 2025. تستفيد فيتال إير من 40 عامًا من الخبرة في أمراض الجهاز التنفسي (انقطاع التنفس أثناء النوم، العلاج بالأكسجين طويل الأمد، التهوية خارج المستشفيات)، وعلاجات التسريب الوريدي (السكري، ارتفاع ضغط الدم الشرياني الرئوي)، والرعاية المجتمعية.

• VitalAire Worldwide
• إيرليكويد السعودية
• إيرليكيد العالمية

• اطلب الآن
• قم بزيارتنا

© VitalAire Arabia 2026

• الأحكام والشروط
• إشعار قانوني
• Accessibility
• Sitemap
• Manage cookies"
https://sa.vitalaire.com/ar/alsukry/mdkht-alanswlyn/ma-hy-alhlqt-almghlqt-alhjynt-almtqdmt,ما هي الحلقة المغلقة الهجينة المتقدمة؟ | VitalAire Arabia,h1,ما هي الحلقة المغلقة الهجينة المتقدمة؟,
https://sa.vitalaire.com/ar/alsukry/mdkht-alanswlyn/ma-hy-alhlqt-almghlqt-alhjynt-almtqdmt,ما هي الحلقة المغلقة الهجينة المتقدمة؟ | VitalAire Arabia,h2,أعرف المزيد عن تانديـمT:slim X2,"تتكون مضخة الأنسولين t: Slim X2 من مضخة الأنسولين وخرطوشة 3 مل (300 وحدة) ، ومجموعة التسريب المتوافقة. مزيج من مضخة t: Slim X2 مع تقنية Control-IQTM وجهاز مراقبة جلوكوز مستمر متوافق (CGM).

تضبط مضخة الأنسولين المتطورة بنظام الحلقة المغلقة الهجين (AHCL) معدلات توصيل الأنسولين تلقائيًا استجابةً لقراءات الجلوكوز المتوقعة بالمستشعر قبل 30 دقيقة ، ويمكن أن توفر جرعة تصحيح تلقائية. يمكن استخدام المضخة مع أو بدون تمكين تقنية Control-IQ.

تم تصميم نظام الحلقة المغلقة الهجين المتقدم (AHCL) للمساعدة في زيادة الوقت في النطاق (70-180 ملجم / ديسيلتر) باستخدام قيم ديكسكوم جي 6 لمراقبد الجلوكوز باستمرار للتنبؤ بمستويات الجلوكوز قبل 30 دقيقة دون وخز أو مسح وتقوم بتعديل توصيل الأنسولين وفقًا لذلك ، بما في ذلك الجرعة التصحيحية تصل إلى واحدة في الساعة.

اطلب الآن

تُعد فيتال إير العلامة التجارية العالمية لأنشطة الرعاية الصحية المنزلية التابعة لـ إير ليكيد والتي تدعم في المنزل 2.3 مليون شخص يعيشون بأمراض مزمنة في عام 2025. تستفيد فيتال إير من 40 عامًا من الخبرة في أمراض الجهاز التنفسي (انقطاع التنفس أثناء النوم، العلاج بالأكسجين طويل الأمد، التهوية خارج المستشفيات)، وعلاجات التسريب الوريدي (السكري، ارتفاع ضغط الدم الشرياني الرئوي)، والرعاية المجتمعية.

• VitalAire Worldwide
• إيرليكويد السعودية
• إيرليكيد العالمية

• اطلب الآن
• قم بزيارتنا

© VitalAire Arabia 2026

• الأحكام والشروط
• إشعار قانوني
• Accessibility
• Sitemap
• Manage cookies"
https://sa.vitalaire.com/ar/alsukry/mdkht-alanswlyn/khdmatna-wmntjatna,خدماتنا ومنتجاتنا | VitalAire Arabia,h1,خدماتنا ومنتجاتنا,
https://sa.vitalaire.com/ar/alsukry/mdkht-alanswlyn/khdmatna-wmntjatna,خدماتنا ومنتجاتنا | VitalAire Arabia,h2,منتجاتنا وخدماتنا,"خدمة الرعاية المُقدمة من فريق متعدد التخصصات من شركة فايتالير العربية: ⦁ تقديم جلسات توعية للمرضى والأسر واختصاصيِي الرعاية الصحية. ⦁ المتابعة من خلال خطط الرعاية المخصصة المُتفق عليها مع الأطباء لضمان التزام أفضل بالعلاج. ⦁ إرسال التقارير إلى اختصاصيِي الرعاية الصحية مع طرح رؤى قابلة للتنفيذ للحصول على نتائج صحية أفضل. جميع مواد التدريب في شركة فايتالير العربية مُصممة على أيدي خبراء، وتُقدّم جلسات التدريب على أيدي فريق من الأطباء والصيادلة والمثقفين الصحيين.

جميع مواد التدريب في شركة فايتالير العربية مُصممة على أيدي خبراء، وتُقدّم جلسات التدريب على أيدي فريق من الأطباء والصيادلة والمرشدين الصحيين. ⦁ تمكين اختصاصيي الرعاية الصحية والمرضى عبر. ⦁ إتاحة أفضل الأجهزة في فئتها، التي يسهل تعلُّمها وتعليمها، وبيانات العالم الحقيقي. ⦁ تحسين إدارة البيانات بتقرير واحد لجميع الأجهزة. ⦁ تحسين جودة حياة ورفاه المرضى ومساراتهم

تُعد فيتال إير العلامة التجارية العالمية لأنشطة الرعاية الصحية المنزلية التابعة لـ إير ليكيد والتي تدعم في المنزل 2.3 مليون شخص يعيشون بأمراض مزمنة في عام 2025. تستفيد فيتال إير من 40 عامًا من الخبرة في أمراض الجهاز التنفسي (انقطاع التنفس أثناء النوم، العلاج بالأكسجين طويل الأمد، التهوية خارج المستشفيات)، وعلاجات التسريب الوريدي (السكري، ارتفاع ضغط الدم الشرياني الرئوي)، والرعاية المجتمعية.

• VitalAire Worldwide
• إيرليكويد السعودية
• إيرليكيد العالمية

• اطلب الآن
• قم بزيارتنا

© VitalAire Arabia 2026

• الأحكام والشروط
• إشعار قانوني
• Accessibility
• Sitemap
• Manage cookies"
https://sa.vitalaire.com/ar/allaj-balaksjyn/ma-hw-allaj-almnzly-balaksjyn/khdmatna-wmntjatna,خدماتنا ومنتجاتنا | VitalAire Arabia,h1,خدماتنا ومنتجاتنا,تقدم فايتلاير العربية تهوية جائرة (IV) وغير جراحية (NIV) لعلاج مجموعة واسعة من المرضى من طب الأطفال إلى البالغين. نقدم أجهزة تهوية لنوفر لك أنجح علاج.
https://sa.vitalaire.com/ar/allaj-balaksjyn/ma-hw-allaj-almnzly-balaksjyn/khdmatna-wmntjatna,خدماتنا ومنتجاتنا | VitalAire Arabia,h3,عروضنا لدينا ثلاثة برامج تهوية لك لتحقيق أقصى فائدة من علاجك.,"• في تي أ | يشمل توريد جهاز التهوية أو جهاز bipap وملحقاته
• في تي بً | يشمل في تي أ + برنامج إدارة العلاج الكامل المقدم في كل من المستشفى والمنزل. في مرحلة المستشفى ، سنساعدك على الإعداد والمعايرة للوصول إلى المرحلة المستهدفة. سنقوم بعد ذلك بإعدادك في المنزل ، ونوفر لك تثقيفًا بشأن السلامة والتشغيل ، ومتابعة علاجك ، وتحديد موعد زيارة منزلية كل 3 أشهر
• في تي تً | يشمل في تي أ و في تي بُ + ، ويقدم برنامجًا متميزًا يتضمن اختبارات قياس التأكسج وخدمة العملاء على مدار الساعة طوال أيام الأسبوع والدعم ، واستبدال الجهاز

* (في تي أ ، في تي بً ، في تي تً ) رموز العرض المستخدمة لطلبات الخدمة الرسمية

اطلب الآن

تُعد فيتال إير العلامة التجارية العالمية لأنشطة الرعاية الصحية المنزلية التابعة لـ إير ليكيد والتي تدعم في المنزل 2.3 مليون شخص يعيشون بأمراض مزمنة في عام 2025. تستفيد فيتال إير من 40 عامًا من الخبرة في أمراض الجهاز التنفسي (انقطاع التنفس أثناء النوم، العلاج بالأكسجين طويل الأمد، التهوية خارج المستشفيات)، وعلاجات التسريب الوريدي (السكري، ارتفاع ضغط الدم الشرياني الرئوي)، والرعاية المجتمعية.

• VitalAire Worldwide
• إيرليكويد السعودية
• إيرليكيد العالمية

• اطلب الآن
• قم بزيارتنا

© VitalAire Arabia 2026

• الأحكام والشروط
• إشعار قانوني
• Accessibility
• Sitemap
• Manage cookies"
https://sa.vitalaire.com/ar/altnfs-alsnay/khdmatna-w-mntjatna,خدماتـنا و منتجاتنا | VitalAire Arabia,h1,خدماتـنا و منتجاتنا,تشمل خدماتنا ومنتجاتنا في المستشفيات:
https://sa.vitalaire.com/ar/altnfs-alsnay/khdmatna-w-mntjatna,خدماتـنا و منتجاتنا | VitalAire Arabia,h2,جهاز التنفس الصناعي V60,"جهاز التنفس الصناعي جهاز ""ريسبرونكس في 60 "" عبارة عن نظام مساعد للتهوية يتم التحكم فيه عن طريق المعالج الدقيق ، وهو نظام مساعد للضغط الهوائي الإيجابي ثنائي المستوى (BIPAP) يوفر تهوية بالضغط الإيجابي غير الغازي (NPPV) ودعمًا للتهوية الغازية للتنفس التلقائي للمرضى البالغين والأطفال."
https://sa.vitalaire.com/ar/altnfs-alsnay/khdmatna-w-mntjatna,خدماتـنا و منتجاتنا | VitalAire Arabia,h2,جهاز التنفس الصناعي V680,V680 هو جهاز التنفس الصناعي للعناية الحرجة الذي يجمع بين NIV طرف واحد ونظام مزدوج الأطراف بالكامل لتقديم دعم الحياة للمرضى المصابين بأمراض خطيرة في وحدة العناية المركزة. يمكن لـ V680 التبديل بسهولة وبسرعة من التهوية الغازية إلى التهوية غير الغازية. يوفر جهاز التنفس الصناعي قياسات مستمرة للمقاومة الديناميكية ، والامتثال ، والمرونة ، وضغط الهوا في كل من الأوضاع الغازية وغير الغازية أحادية وثنائية الأطراف.
https://sa.vitalaire.com/ar/altnfs-alsnay/khdmatna-w-mntjatna,خدماتـنا و منتجاتنا | VitalAire Arabia,h2,جهاز التنفس الصناعي Trilogy 202,Trilogy 202 هو كلاً من التحكم في مستوى الصوت وأمبير. جهاز التنفس الصناعي للتحكم في الضغط للتهوية الغازية وغير الغازية. توفر خيارات توصيل التنفس والإعداد المتنوعة استمرارية أكبر في الرعاية.
https://sa.vitalaire.com/ar/altnfs-alsnay/khdmatna-w-mntjatna,خدماتـنا و منتجاتنا | VitalAire Arabia,h2,جهاز التنفس الصناعي Trilogy EVO 300,"يوفر جهاز التنفس الصناعي Trilogy EV300 أداءً محسنًا في التهوية غير الغازية (NIV) والتهوية الغازية (IV) ، بحيث يمكن علاج المرضى بجهاز واحد طوال فترة إقامتهم في المستشفى ، بغض النظر عن الظروف المتغيرة. تم تصميم Trilogy EV300 للبقاء مع مرضاك ، مما يوفر وقت وجهد موظفيك أثناء انتقال المرضى بين أقسام المستشفى.

اطلب الآن

تُعد فيتال إير العلامة التجارية العالمية لأنشطة الرعاية الصحية المنزلية التابعة لـ إير ليكيد والتي تدعم في المنزل 2.3 مليون شخص يعيشون بأمراض مزمنة في عام 2025. تستفيد فيتال إير من 40 عامًا من الخبرة في أمراض الجهاز التنفسي (انقطاع التنفس أثناء النوم، العلاج بالأكسجين طويل الأمد، التهوية خارج المستشفيات)، وعلاجات التسريب الوريدي (السكري، ارتفاع ضغط الدم الشرياني الرئوي)، والرعاية المجتمعية.

• VitalAire Worldwide
• إيرليكويد السعودية
• إيرليكيد العالمية

• اطلب الآن
• قم بزيارتنا

© VitalAire Arabia 2026

• الأحكام والشروط
• إشعار قانوني
• Accessibility
• Sitemap
• Manage cookies"
https://sa.vitalaire.com/ar/fytalyr-alrbyt,فيتـالير العربية | VitalAire Arabia,h1,VitalAire Arabia,
https://sa.vitalaire.com/ar/fytalyr-alrbyt,فيتـالير العربية | VitalAire Arabia,h2,مرحبـاً بكم في فيتالـير العربية !,
https://sa.vitalaire.com/ar/fytalyr-alrbyt,فيتـالير العربية | VitalAire Arabia,h2,الرعاية الصحية ايرليكـيد,بيان صحفي
https://sa.vitalaire.com/ar/fytalyr-alrbyt,فيتـالير العربية | VitalAire Arabia,h3,تخطط شركة فايتالير العربية ووزارة الصحة السعودية لإطلاق مركز التميز الجديد لمرض السكري,"وقعت شركة فايتالير العربية ووزارة الصحة السعودية في الرياض مذكرة تفاهم لإنشاء مركز التميز لمرض السكري يهدف إلى تعزيز رعاية المرضى النتائج، وتقديم خدمات صحية عالية الجودة للمرضى الذين يعانون من مرض السكري.

يتوقع مركز التميز لمرض السكري علاج أكثر من 6000 مريض يعانون من مرض السكري من النوع الأول. وبالتعاون مع وزارة الصحة، سينصب تركيزنا على تحسين رحلة المريض، وتنفيذ برنامج تعليمي، واقتراح خطط رعاية للمرضى، وقياس النتائج المهمة لصحة المرضى وجودة حياتهم."
https://sa.vitalaire.com/ar/fytalyr-alrbyt,فيتـالير العربية | VitalAire Arabia,h3,اضغط هنا لقراءة البيان الصحفي,
https://sa.vitalaire.com/ar/fytalyr-alrbyt,فيتـالير العربية | VitalAire Arabia,h2,من نحن؟,"فيتـالير العربية هي الكيان السعودي للعلامة التجارية فيتـالير.

فيتـالير هي علامة تجارية دولية لأنشطة الرعاية المنزلية لمجموعة ايرليكـويد التي تتخصص في مرض السكري وتوقف النفس أثناء النوم والعلاج بالأكسجين والتهوية وخدمات الرعاية الصحية المنزلية."
https://sa.vitalaire.com/ar/fytalyr-alrbyt,فيتـالير العربية | VitalAire Arabia,h2,مُهمتنا,تتمثل مهمة فيتـالير العربية في تقديم أفضل الخدمات والحلول لرعاية مرضى السكري وإدارة توقف النفس أثناء النوم والرعاية التنفسية للمرضى، تعتني فيتـالير العربية بمرضاها من خلال الجمع بين خدمات وتقنيات الرعاية المبتكرة.
https://sa.vitalaire.com/ar/fytalyr-alrbyt,فيتـالير العربية | VitalAire Arabia,h2,الرؤيـة,تلتزم شركة فايتالير العربية بجعل المرضى على رأس الأولويات في كل ما نفعله. ونُقدِّم نهجًا جماعيًّا فريدًا يركز على المريض؛ لمساعدتهم على الاستمتاع بجودة حياة أفضل أثناء تلقي علاج الأمراض المزمنة في المنزل. تعمل شركة فايتالير العربية على تحسين القيمة في الرعاية الصحية لصالح المرضى وتقليل التكلفة لنظام الرعاية الصحية.
https://sa.vitalaire.com/ar/fytalyr-alrbyt,فيتـالير العربية | VitalAire Arabia,h3,حُلولنا :,"• إدارة مرض السكري ، للمرضى المعالجين بالأنسولين
• جهاز الضغط الهوائي الإيجابي المستمر (CPAP) للمرضى المصابين بانقطاع النفس الانسدادي النومي
• تهوية منزلية للمرضى المصابين بفشل تنفسي مزمن
• العلاج بالأكسجين طويل الأمد للأشخاص الذين يعانون من أمراض الجهاز التنفسي المزمنة ، وخاصة المرضى المصابين بمرض الانسداد الرئوي المزمن (COPD)

نطمح دائمًا إلى تقديم ابتكارات تعزز صحة المرضى وتقدم نتائج مفيدة"
https://sa.vitalaire.com/ar/fytalyr-alrbyt,فيتـالير العربية | VitalAire Arabia,h2,Where to find us?,"3 results

• فيتالير العربية - الدمام
• فيتالير العربية - المكتب الرئيسي الرياض
• فيتالير العربية - جدة"
https://sa.vitalaire.com/ar/fytalyr-alrbyt,فيتـالير العربية | VitalAire Arabia,h3,فيتالير العربية - الدمام,
https://sa.vitalaire.com/ar/fytalyr-alrbyt,فيتـالير العربية | VitalAire Arabia,h3,فيتالير العربية - المكتب الرئيسي الرياض,
https://sa.vitalaire.com/ar/fytalyr-alrbyt,فيتـالير العربية | VitalAire Arabia,h3,فيتالير العربية - جدة,"من الأحد إلى الخميس من 8:30 صباحًا إلى 5:30 مساءً

مركز حائل ، مكتب رقم 22 ، الطابق الرابع ، مركز أعمال النجم ، الملك فيصل بن عبد العزيز ، الدمام

من الأحد إلى الخميس من 8:30 صباحًا إلى 5:30 مساءً

4063 شارع الأمير فواز بن عبد العزيز ، 7999 ، الربوة ، الرياض 12813 ، المملكة العربية السعودية

من الأحد إلى الخميس من 8:30 صباحًا إلى 5:30 مساءً

الميزانين ، مكتب رقم 6 مبنى الاقصى للاعمال. شركة فيتالير العربية فرع جدة، الرحاب، جدة 23345

• العنوان

تُعد فيتال إير العلامة التجارية العالمية لأنشطة الرعاية الصحية المنزلية التابعة لـ إير ليكيد والتي تدعم في المنزل 2.3 مليون شخص يعيشون بأمراض مزمنة في عام 2025. تستفيد فيتال إير من 40 عامًا من الخبرة في أمراض الجهاز التنفسي (انقطاع التنفس أثناء النوم، العلاج بالأكسجين طويل الأمد، التهوية خارج المستشفيات)، وعلاجات التسريب الوريدي (السكري، ارتفاع ضغط الدم الشرياني الرئوي)، والرعاية المجتمعية.

• VitalAire Worldwide
• إيرليكويد السعودية
• إيرليكيد العالمية

• اطلب الآن
• قم بزيارتنا

© VitalAire Arabia 2026

• الأحكام والشروط
• إشعار قانوني
• Accessibility
• Sitemap
• Manage cookies"
https://sa.vitalaire.com/ar/ayr-lykwyd-llrayt-alshyt,إير ليكويد للرعاية الصحية | VitalAire Arabia,h1,إير ليكويد للرعاية الصحية,"اطلب الآن

تُعد فيتال إير العلامة التجارية العالمية لأنشطة الرعاية الصحية المنزلية التابعة لـ إير ليكيد والتي تدعم في المنزل 2.3 مليون شخص يعيشون بأمراض مزمنة في عام 2025. تستفيد فيتال إير من 40 عامًا من الخبرة في أمراض الجهاز التنفسي (انقطاع التنفس أثناء النوم، العلاج بالأكسجين طويل الأمد، التهوية خارج المستشفيات)، وعلاجات التسريب الوريدي (السكري، ارتفاع ضغط الدم الشرياني الرئوي)، والرعاية المجتمعية.

• VitalAire Worldwide
• إيرليكويد السعودية
• إيرليكيد العالمية

• اطلب الآن
• قم بزيارتنا

© VitalAire Arabia 2026

• الأحكام والشروط
• إشعار قانوني
• Accessibility
• Sitemap
• Manage cookies"
https://sa.vitalaire.com/ar/node/316,Legal Notice | VitalAire Arabia,h1,Legal Notice,Any use of this Site must comply with these terms and conditions of use.
https://sa.vitalaire.com/ar/node/316,Legal Notice | VitalAire Arabia,h2,Intellectual property,"Website published by:

Legal name of the Company:

VitalAire Arabia L.L.C

Address of the corporate headquarters:

4063 Prince Fawaz Street in Ar Rabwa Riyadh, Kingdom of Saudi Arabia,

P.O. Box 28262, Riyadh, Kingdom of Saudi Arabia

Editor-in-chief:

Alexandra Rocca, Vice President and Head of Corporate Communications

Phone: +33 40 62 55 55

Website hosted by:

Acquia Inc.

53 State Street, 10th Floor - Boston, MA 02109 - United States

Phone: +1 888 922 7842

Intellectual property

VitalAire Arabia (""VitalAire"" or ""we"") offers visitors and users access to this website based on (and assuming) your acceptance of the following terms. VitalAire Arabia hereby grants you a non-transferable, nonexclusive license to access, download and use this website solely for your personal use. We may, at our sole discretion, add, delete or change some or all the features provided on the website at any time or terminate this license. All materials, including but not limited to the configurations, displays, screens, and all information appearing on or displayed in connection with or contained by VitalAire Arabia on this website are protected under all applicable laws and regulations.

VitalAire Arabia owns, reserves and retains all property rights, including copyrights, to this website and its contents. The trademarks, service marks, trade names, logos and other indications of origin, including but not limited to VitalAire Arabia’s domain name, displayed on this website are registered and unregistered trademarks of VitalAire Arabia or a third party that has granted VitalAire Arabia the right to use them on this site. Nothing contained herein should be construed as granting the browser or user any license or right to use any trademark displayed on the site without the prior written consent of VitalAire Arabia or the third party. VitalAire Arabia and/or third-party content providers remain the owners of the information displayed on this website and the user does not acquire any of these ownership rights by printing or downloading any of the information or otherwise making use of the website’s features.

For your convenience, VitalAire Arabia provides links to other sites and links to this site may be provided from other sites either known or unknown to VitalAire Arabia. VitalAire Arabia is not responsible for the content of any site that is linked to or from this site and links do not imply that VitalAire Arabia sponsors, licenses, endorses or is otherwise connected to the site, the products or services described therein, or its owner, or that VitalAire Arabia has authorized the linked site to use any trademark, trade name, logo or other trademarked or copyrighted material belonging to VitalAire Arabia.

The terms and conditions pertaining to the use of this website are governed by the Kingdom of Saudi Arabia Laws. The courts of Riyadh shall have exclusive jurisdiction to settle any dispute arising from the use of this website.

Respect for privacy and use of personal data

The privacy and the security of your information are important to us. VitalAire Arabia's policy is to respect and protect the privacy of the users of this website. We will not voluntarily disclose individually identifiable information about our customers or other users of our website to any third party without first receiving that user's permission.

When you use the website vitalaire.com.sa, the controller of your data is the company ' VitalAire Arabia L.L.C, 4063 Prince Fawaz Street in Ar Rabwa Riyadh, Kingdom of Saudi Arabia, P.O. Box 28262, Riyadh, Kingdom of Saudi Arabia

Ethics and use of collected data

VitalAire Arabia only asks for certain types of personal information when using the website. In a few areas on our website, including order fulfillment and online customer support tools, we ask you to provide information that will enable us to enhance your site visit, assist you with technical support issues, or follow up with you after your visit. Unless the requested information is necessary for request fulfillment, you will be informed and it will be totally optional for you to provide it or not. We may ask for your name, email address, phone number, street address, type of business, customer preference information, customer number, as well as other similar personal information that is needed for registration or subscription to our services or offers.

Accordingly, VitalAire Arabia uses the personal data you have provided to this website for the following purposes, durations and legal grounds:

Purpose

Legal ground/basis

Retention durations

To ensure appropriate follow-up of your subscription to our services or offers and order fulfillment

VitalAire Arabia need to perform the contract with you

Duration of the contract plus a maximum of ten (10) years and beyond to allow VitalAire Arabia to fulfill its legal obligations

To provide online customer assistance tools and follow-up in connection with such technical assistance

The legitimate interest of VitalAire Arabia to offer you online assistance tools to facilitate the management and monitoring of your contract (s) and to develop and improve our services

Duration of the contract plus a maximum of five (5) years and beyond to allow VitalAire Arabia to fulfill its legal obligations

To process your application if you have responded online to a job offer at VitalAire Arabia

VitalAire Arabia legitimate interest in assessing your suitability for the proposed job

2 years from our last exchanges relating to your application and beyond to allow VitalAire Arabia to fulfill its legal obligations

To process your queries related to the protection of your personal data

VitalAire Arabia need to comply to a legal obligation

Processing time of your request plus a maximum of five (5) years and beyond to allow VitalAire Arabia to fulfill its legal obligations

Access your VitalAire Arabia shareholder account

The need for VitalAire Arabia to fulfill the contract with you

Period of existence of the shareholder account plus five (5) years following the closure of the account and beyond to allow VitalAire Arabia to fulfill its legal obligations

Send Group communication, including the VitalAire Arabia newsletters to which you subscribe

The need to be kept up-to-date on the Group’s news

Duration of your subscription to Group communication (such as newsletters)

VitalAire Arabia also processes the personal data you provide in the course of your dealings and communications with us, such as your email exchanges, your discussions using tools and platforms provided by VitalAire Arabia, or in connection with the virtual workspaces and collaborative tools used by VitalAire Arabia. These treatments are based on the legitimate interest of VitalAire Arabia to ensure the relationship with you by dealing with your requests, questions etc. and to improve the quality of the service provided, and aim to make these tools available, to ensure and control their appropriate use as well as the security of the computer system and the confidentiality of the information.

Passive personal data collection

Some of the personal data stored on our server is provided by you voluntarily when you complete forms online, while other data are collected automatically. In order to improve user browsing experience on our sites and for statistical analysis purposes, VitalAire Arabia automatically collects certain data when you visit our sites:

• Your IP address: an IP address is assigned to your computer by your Internet Service Provider so that you can access the web
• The date and time you visit to the site and the pages you view
• Your computer’s operating system and the internet browsing software used
• Your login, if you browse restricted areas of the site
• Your browsing history within Group websites and the duration of your connection.

Depending on the case, we process such data with your consent when the law requires it (for example, in the case where the deposit of some cookies on your terminal requires the collection of your consent) or on the basis of our legitimate interest in proposing a website and improving its performance.

We recommend that you also read our page about cookies.

Recipients of personal data

In the strict limit of data processing carried out for the purposes described above, we are led to communicate some of your data to:

• Authorized personnel of VitalAire Arabia companies in the exercise of their usual duties
• Our service providers and subcontractors

Transfer of personal data outside the European Economic Area

Besides, the use of the web conference service as well as the availability of communication tools and platforms involves the transfer of personal data (names, surnames and email address) for the purpose of identification, and exchanged data (message, attachments) for the purpose of hosting and administration to non-member states of the European Economic Area, including the United States, whose legislation on the protection of personal data is different from the legislation of the European Economic Area.

When we transfer your data to the United States, we will treat your personal data in accordance with the provisions of the Standard Contractual Clauses that were set out by the European Commission (decision 2010/87/EU) and that are signed with our providers.

Moreover, because of the international dimension of the group and its organization, VitalAire Arabia transfers your personal data within its entities located in countries not members of the European Economic Area. These transfers are covered by ""Binding Corporate Rules"" approved by the competent authorities for the protection of personal data. You can consult them by following this link.

Confidentiality of the data collected

VitalAire Arabia uses your personal information exclusively for the specific purposes described above. The information that you provide to us will remain confidential and will be used only in connection with your relationship to VitalAire Arabia and/or one of its affiliated companies as a customer; this information will never be released or sold to any third party for commercial or prospecting purposes.

Your rights with respect to your personal data

In accordance with the applicable regulations on the protection of personal data, in particular Regulation (EU) 2016/679 of the European Parliament and of the Council of 27 April 2016 on the protection of natural persons with regard to the processing of personal data and on the free movement of such data, you have a right of access, rectification and erasure of the personal data which concern you, the right to oppose, for reasons relating to your particular situation, to the treatment of your personal data, as well as the right to set guidelines regarding the fate of your personal data post-mortem.

In addition, in some cases you may request to receive the personal data you have provided to us or, where possible, to send it directly to another controller.

In certain circumstances, you also have the right to obtain the limitation of the processing of your personal data.

For data processing requiring consent from you, you have the right to withdraw your consent at any time. The exercise of this right does not affect the lawfulness of consent-based treatment prior to withdrawal.

For any request or complaint relating to the processing of your personal data and the exercise of your rights, you can contact the Data Protection Officer designated by VitalAire Arabia.

By regular post:

Laurence Thomazeau, Data Protection Officer

75, quai d’Orsay - 75007 Paris

Or using the contact form available here:

https://www.airliquide.com/group/contact-us-gdpr

You also have the right to file a claim with the competent authority for the protection of personal data.

Modifications

VitalAire Arabia reserves the right to modify or complete this Privacy Statement at any time. All such updates will be flagged on the homepage of the website and you are advised to read this Privacy Statement every time you access the VitalAire Arabia website. All such modifications or additions to this Privacy Statement are applicable as soon as they are posted on the website.

تُعد فيتال إير العلامة التجارية العالمية لأنشطة الرعاية الصحية المنزلية التابعة لـ إير ليكيد والتي تدعم في المنزل 2.3 مليون شخص يعيشون بأمراض مزمنة في عام 2025. تستفيد فيتال إير من 40 عامًا من الخبرة في أمراض الجهاز التنفسي (انقطاع التنفس أثناء النوم، العلاج بالأكسجين طويل الأمد، التهوية خارج المستشفيات)، وعلاجات التسريب الوريدي (السكري، ارتفاع ضغط الدم الشرياني الرئوي)، والرعاية المجتمعية.

• VitalAire Worldwide
• إيرليكويد السعودية
• إيرليكيد العالمية

• اطلب الآن
• قم بزيارتنا

© VitalAire Arabia 2026

• الأحكام والشروط
• إشعار قانوني
• Accessibility
• Sitemap
• Manage cookies"
https://sa.vitalaire.com/ar/node/346,Sitemap | VitalAire Arabia,h1,Sitemap,
https://sa.vitalaire.com/ar/node/346,Sitemap | VitalAire Arabia,h2,الصفحة الرئيسية,
https://sa.vitalaire.com/ar/node/346,Sitemap | VitalAire Arabia,h2,السُكري,"• قياس الجلوكوز المستمر ما هو قياس الجلوكوز المستمر؟ لماذا نختار مراقبة الجلوكوز المستمرة؟ استخدامات ومزايا المراقبة المستمرة للجلوكز منتجاتنا وخدماتنا
• مضخة الإنسولين ما هي مضخة الإنسولين؟ ما هي مضخة الإنسولين تاندم t:slim X2؟ منتجاتنا وخدماتنا"
https://sa.vitalaire.com/ar/node/346,Sitemap | VitalAire Arabia,h3,قياس الجلوكوز المستمر,"• ما هو قياس الجلوكوز المستمر؟
• لماذا نختار مراقبة الجلوكوز المستمرة؟
• استخدامات ومزايا المراقبة المستمرة للجلوكز
• منتجاتنا وخدماتنا

ما هو قياس الجلوكوز المستمر؟

لماذا نختار مراقبة الجلوكوز المستمرة؟

استخدامات ومزايا المراقبة المستمرة للجلوكز

منتجاتنا وخدماتنا"
https://sa.vitalaire.com/ar/node/346,Sitemap | VitalAire Arabia,h3,مضخة الإنسولين,"• ما هي مضخة الإنسولين؟
• ما هي مضخة الإنسولين تاندم t:slim X2؟
• منتجاتنا وخدماتنا

ما هي مضخة الإنسولين؟

ما هي مضخة الإنسولين تاندم t:slim X2؟

منتجاتنا وخدماتنا"
https://sa.vitalaire.com/ar/node/346,Sitemap | VitalAire Arabia,h2,انقطاع النفس أثناء النوم,• انقطاع النفس أثناء النوم ما هو انقطاع النفس أثناء النوم هل أعاني من انقطاع النفس أثناء النوم؟ ما هو علاج انقطاع النفس أثناء النوم؟ منتجاتنا وخدماتنا
https://sa.vitalaire.com/ar/node/346,Sitemap | VitalAire Arabia,h3,انقطاع النفس أثناء النوم,"• ما هو انقطاع النفس أثناء النوم
• هل أعاني من انقطاع النفس أثناء النوم؟
• ما هو علاج انقطاع النفس أثناء النوم؟
• منتجاتنا وخدماتنا

ما هو انقطاع النفس أثناء النوم

هل أعاني من انقطاع النفس أثناء النوم؟

ما هو علاج انقطاع النفس أثناء النوم؟

منتجاتنا وخدماتنا"
https://sa.vitalaire.com/ar/node/346,Sitemap | VitalAire Arabia,h2,العلاج بالأكسجين,• ما هو العلاج المنزلي بالأكسجين؟ منتجاتنا وخدماتنا
https://sa.vitalaire.com/ar/node/346,Sitemap | VitalAire Arabia,h3,ما هو العلاج المنزلي بالأكسجين؟,"• منتجاتنا وخدماتنا

منتجاتنا وخدماتنا"
https://sa.vitalaire.com/ar/node/346,Sitemap | VitalAire Arabia,h2,التنفس الصناعي,"• مساعدة جهاز التنفس الصناعي
• منتجاتنا وخدماتنا

مساعدة جهاز التنفس الصناعي

منتجاتنا وخدماتنا

تُعد فيتال إير العلامة التجارية العالمية لأنشطة الرعاية الصحية المنزلية التابعة لـ إير ليكيد والتي تدعم في المنزل 2.3 مليون شخص يعيشون بأمراض مزمنة في عام 2025. تستفيد فيتال إير من 40 عامًا من الخبرة في أمراض الجهاز التنفسي (انقطاع التنفس أثناء النوم، العلاج بالأكسجين طويل الأمد، التهوية خارج المستشفيات)، وعلاجات التسريب الوريدي (السكري، ارتفاع ضغط الدم الشرياني الرئوي)، والرعاية المجتمعية.

• VitalAire Worldwide
• إيرليكويد السعودية
• إيرليكيد العالمية

• اطلب الآن
• قم بزيارتنا

© VitalAire Arabia 2026

• الأحكام والشروط
• إشعار قانوني
• Accessibility
• Sitemap
• Manage cookies"
https://sa.vitalaire.com/ar/lamat-warad-mrd-alskry,علامات وأعراض مرض السكري | VitalAire Arabia,h1,علامات وأعراض مرض السكري,"تعتمد أعراض مرض السكري على مدى ارتفاع نسبة السكر. وقد لا تظهر أعراض على بعض الأشخاص ، خاصةً إذا كان لديهم مقدمات السكري أو داء السكري من النوع الثاني. في داء السكري من النوع الأول ، تميل الأعراض إلى الظهور بسرعة وتكون أكثر حدة.

بعض أعراض داء السكري من النوع الأول والنوع الثاني هي:

• الشعور بالعطش أكثر من المعتاد.
• كثرة التبول.
• فقدان الوزن دون محاولة.
• وجود الكيتونات في البول. الكيتونات هي نتيجة ثانوية لانهيار العضلات والدهون الذي يحدث عندما لا يتوفر الأنسولين الكافي.
• الشعور بالتعب والضعف.
• الشعور بالضيق أو تغيرات مزاجية أخرى.
• رؤية ضبابية.
• وجود تقرحات بطيئة الشفاء.
• الإصابة بالكثير من الالتهابات مثل التهابات اللثة والجلد والمهبل.

يمكن أن يبدأ مرض السكري من النوع الأول في أي عمر. لكنها غالبًا ما تبدأ في مرحلة الطفولة أو سنوات المراهقة. يمكن أن يتطور داء السكري من النوع الثاني ، وهو النوع الأكثر شيوعًا ، في أي عمر. يُعد داء السكري من النوع الثاني أكثر شيوعًا لدى الأشخاص الأكبر من 40 عامًا.

https://www.mayoclinic.org/diseases-conditions/diabetes/symptoms-causes/syc-20371444

تُعد فيتال إير العلامة التجارية العالمية لأنشطة الرعاية الصحية المنزلية التابعة لـ إير ليكيد والتي تدعم في المنزل 2.3 مليون شخص يعيشون بأمراض مزمنة في عام 2025. تستفيد فيتال إير من 40 عامًا من الخبرة في أمراض الجهاز التنفسي (انقطاع التنفس أثناء النوم، العلاج بالأكسجين طويل الأمد، التهوية خارج المستشفيات)، وعلاجات التسريب الوريدي (السكري، ارتفاع ضغط الدم الشرياني الرئوي)، والرعاية المجتمعية.

• VitalAire Worldwide
• إيرليكويد السعودية
• إيرليكيد العالمية

• اطلب الآن
• قم بزيارتنا

© VitalAire Arabia 2026

• الأحكام والشروط
• إشعار قانوني
• Accessibility
• Sitemap
• Manage cookies"
https://sa.vitalaire.com/ar/chronic-respiratory-failures/kyf-yushakhwas-alskry,كيف يُشَخَّص السكري؟ | VitalAire Arabia,h1,كيف يُشَخَّص السكري؟,الاكتشاف المبكر لمرض السكري وبدء العلاج مهم للغاية في إدارة السكري من دون حدوث مضاعفات. أو حالةٌ خطيرة ومزمنة، ويصيب ملايين الأشخاص، حيث يُقَدَّر عدد المصابين بالسكري حول العالم بـعدد 537 مليون شخص. ومن هذا العدد، يُعتقد وجود 240 مليون شخص يعانون من السكري مع عدم تشخيصهم به، مما يعني وجود شخص واحد تقريبًا -من بين كل شخصين بالغين مصابين بالسكري غير مدرك أنه يعاني منه. يزداد عدد الأشخاص المصابين بالسكري بنسبة حوالي 3% كل عام. يمكن أن ينطوي تشخيص السكري على مجموعة من الاختبارات المختلفة. ستساعدك هذه المقالة في التعرف على الاختبارات المختلفة التي يمكن استخدامها لتشخيص السكري، والنتائج المحتملة لهذه الاختبارات. وبالإضافة إلى أي إرشادات دولية، فإن نوع الاختبار الذي تخضع له وكيفية تفسير النتائج يعتمدان على الأدلة الإرشادية للسكري في بلدك. خَصّص وقتًا مناسبًا لمناقشة أي أسئلة لديك عن التشخيص والاختبار مع طبيبك أو اختصاصي الرعاية الصحية.
https://sa.vitalaire.com/ar/chronic-respiratory-failures/kyf-yushakhwas-alskry,كيف يُشَخَّص السكري؟ | VitalAire Arabia,h2,اختبار الجلوكوز في الدم,"تتمثل إحدى طرق اختبار السكري في النظر إلى مستوى الجلوكوز في الدم. الطريقة القياسية هي قياس مستوى الجلوكوز في البلازما (الجزء السائل من الدم مع الخلايا المسحوبة) التي يتم استخراجها من وريد. كما يمكن استخدام اختبار الجلوكوز في الدم الشعري، حيث تؤخذ عينة من أوعية أصغر كثيرًا عبر اختبار وخز الإصبع، بقيم متطابقة إذا تم إجراء الاختبار أثناء الصيام. يمكن إجراء اختبارات الجلوكوز في الدم لتشخيص السكري بثلاث طرق :

⦁ اختبار جلوكوز بلازما الصوم في اختبار جلوكوز بلازما الصوم، تؤخذ عينة دم بعد الامتناع عن تناول أي أطعمة أو مشروبات لمدة ثماني ساعات عادةً. يعني الصوم في هذه الحالة الامتناع عن الطعام أو الشراب باستثناء شرب رشفات من الماء. ثم يتم اختبار عينة الدم هذه لمعرفة مقدار الجلوكوز في دمك [6]. ترى منظمة الصحة العالمية أن المستوى أعلى من 7.0 مللي مول/لتر (126 ملغم/ديسيلتر) من الجلوكوز في عينة الصوم يفي بمعايير تشخيص السكري ⦁ اختبار تحمل الجلوكوز عن طريق الفم يُعرف أيضًا باسم اختبار ""جلوكوز البلازما لمدة ساعتين""، ويقيس اختبار تحمل الجلوكوز عن طريق الفم مستوى الجلوكوز في الدم بعد الصوم لمدة ثماني ساعات. ثم يتم إعطاؤك مشروبًا حلوًا يحتوى على الجلوكوز، ويتم اختبار مستوى الجلوكوز في الدم بعد ساعة وبعد ساعتين (وفي بعض الأحيان بعد ثلاث ساعات أيضًا). يُستخدم هذا الاختبار في الغالب لتشخيص السكري الحملي [6]. يشرح فريق الرعاية الصحية الخاص بك ما تعنيه نتائج اختبار تحمل الجلوكوز عن طريق الفم بالنسبة لك. ⦁ اختبار جلوكوز البلازما العشوائي يستعين اختصاصيو الرعاية الصحية في بعض الأحيان باختبار جلوكوز البلازما العشوائي لتشخيص السكري عندما تظهر أعراض السكري، ولا يتعين عليهم الانتظار حتى يتم التشخيص خلال الصوم. يمكن أن تشمل هذه الأعراض خروج الكثير من البول، وشرب الكثير من الماء وفقدان الوزن، وأحيانًا الجوع المفرط والرؤية الضبابية. يمكن إجراء اختبار جلوكوز البلازما العشوائي في أي وقت دون الحاجة للصوم."
https://sa.vitalaire.com/ar/chronic-respiratory-failures/kyf-yushakhwas-alskry,كيف يُشَخَّص السكري؟ | VitalAire Arabia,h2,اختبار الهيموغلوبين السكري (HbA1c),"اختبار الهيموغلوبين السكري عبارة عن اختبار دم يعرض متوسط مستويات الجلوكوز في الدم على مدار الأشهر الثلاثة السابقة. وتوجد عدة أسماء مختلفة لهذا الاختبار، حيث يُعرف كذلك باسم اختبار الهيموغلوبين A1c واختبار السكر التراكمي واختبار الهيموغلوبينِ الغليكوزيلاتي أو ببساطة اختبار A1c. يختلف اختبار الهيموغلوبين السكري عن اختبارات جلوكوز البلازما المذكورة أعلاه، لأنه لا يقيس مستويات جلوكوز الدم بشكل مباشر. عوضًا عن ذلك، يقيس نسبة الهيموغلوبين في الدم الذي يحتوي على الجلوكوز المرتبط به. الهيموغلوبين مادة توجد في خلايا الدم الحمراء، والتي تنقل الأكسجين في جميع أنحاء الجسم.

بعكس اختبارات جلوكوز البلازما التي تعرض مستويات الجلوكوز عند نقطة زمنية محددة، فإن اختبار الهيموغلوبين السكري يعرض متوسط مستويات الجلوكوز على مدار آخر شهرين إلى ثلاثة أشهر. وبسبب ذلك، فإن اختبار الهيموغلوبين السكري مفيد للغاية في قياس إدارة الجلوكوز في الدم عند الأشخاص المصابين بالسكري. كما يمكن استخدامه لتشخيص السكري. تشير نتيجة اختبار الهيموغلوبين السكري التي تبلغ 6.5% أو أعلى في اختبارين منفصلين إلى أنك تعاني من السكري. ومع ذلك، توجد بعض العوامل التي تجعل اختبار الهيموغلوبين السكري أقل دقة، والتي تشمل فقر الدم والاضطرابات في الهيموغلوبين والحمل وارتفاع مستويات مادة كيميائية تُسمى اليوريا في الدم. سوف يتمكن اختصاصي الرعاية الصحية من توجيهك وإخبارك بالمزيد

توجد مجموعة من الاختبارات المختلفة التي يمكن استخدامها لتشخيص السكري، بدايةً من اختبارات جلوكوز البلازما وصولًا إلى اختبارات الهيموغلوبين السكري [5]. ولكل اختبار من هذه الاختبارات مزايا وعيوب، حيث تتطلب بعض الاختبارات التجهيز، في حين يمكن إجراء اختبارات أخرى في أي وقت. بغض النظر عن الاختبار الأوَّلي المستخدَم للكشف عن السكري، يُوصَى بإجراء اختبار متكرر لتأكيد التشخيص. إذا كان يتعين عليك إجراء اختبار لمعرفة ما إذا كنت تعاني من السكري؛ فإن فريق الرعاية الصحية سيعمل معك لاختيار اختبار مناسب لك ويمنحك نتيجةً دقيقةً.

1. International Diabetes Federation, IDF Diabetes Atlas 10th edition, 2021

2. American Diabetes Association. Diagnosis and classification of diabetes mellitus. Diabetes Care. 2004; 27(S1): S5-S10

3. International Diabetes Federation, IDF Diabetes Atlas 8th edition, 2017

4. American Diabetes Association. Classification and diagnosis of diabetes. Diabetes Care. 2017;40(S1): S11-S24

5. Definition and diagnosis of diabetes mellitus and intermediate hyperglycaemia: report of a WHO/IDF consultation. World Health Organization, 2006. WHO: Geneva

6. National Institute of Diabetes and Digestive and Kidney Diseases. Diabetes tests & diagnosis. Accessed June 2022.

تُعد فيتال إير العلامة التجارية العالمية لأنشطة الرعاية الصحية المنزلية التابعة لـ إير ليكيد والتي تدعم في المنزل 2.3 مليون شخص يعيشون بأمراض مزمنة في عام 2025. تستفيد فيتال إير من 40 عامًا من الخبرة في أمراض الجهاز التنفسي (انقطاع التنفس أثناء النوم، العلاج بالأكسجين طويل الأمد، التهوية خارج المستشفيات)، وعلاجات التسريب الوريدي (السكري، ارتفاع ضغط الدم الشرياني الرئوي)، والرعاية المجتمعية.

• VitalAire Worldwide
• إيرليكويد السعودية
• إيرليكيد العالمية

• اطلب الآن
• قم بزيارتنا

© VitalAire Arabia 2026

• الأحكام والشروط
• إشعار قانوني
• Accessibility
• Sitemap
• Manage cookies"
https://sa.vitalaire.com/ar/laj-alskry-wadarth,علاج السكري وإدارته | VitalAire Arabia,h1,علاج السكري وإدارته,
https://sa.vitalaire.com/ar/laj-alskry-wadarth,علاج السكري وإدارته | VitalAire Arabia,h2,علاج السكري من النوع الأول,"يجب على الأشخاص المصابين بالسكري من النوع الأول أخذ الإنسولين للحفاظ على مستويات الجلوكوز ضمن النطاق المناسب. يمكن للأشخاص المصابين بالسكري من النوع الأول أن ينعموا بحياة صحية من خلال الالتزام بعلاج الإنسولين اليومي المناسب والمراقبة المنتظمة لمستوى الجلوكوز والحفاظ على نمط حياة صحي. يمكن أن يساعد إدارة السكري وعلاجه في تأخير وتقليل مخاطر المضاعفات المرتبطة بالداء. يتناول المصابين بالسكري من النوع الأول الإنسولين سواء عبر الحقن متعددة الجرعات أو عبر استخدام العلاج بمضخة الإنسولين (الذي يوصِّل الإنسولين كقطرات تحت الجلد - يُعرف ذلك باسم ""التسريب تحت الجلد"").

• محاقن الإنسولين
• أقلام الإنسولين
• العلاج بمضخة الإنسولين"
https://sa.vitalaire.com/ar/laj-alskry-wadarth,علاج السكري وإدارته | VitalAire Arabia,h2,محاقن الإنسولين,يَحقِن ملايين الأشخاص حول العالم أنفسهم بالإنسولين كل يوم. وتُستَخدم المحاقن في العديد من المناطق بشكلٍ موسعٍ لحقن الإنسولين. كانت المحاقن المُستخدَمة في البداية لحقن الإنسولين كبيرة وضخمةً، وكان المرضى مضطرين لإعادة استخدامها عدة مرات. ولحسن الحظ، فقد قطعت التقنية شوطًا كبيرًا منذ ذلك الحين. المحاقن الحديثة مُعَدَّة للاستخدام مرةً واحدةً، كما أنها تتضمن علامات قياس على الجانب، وقد صُمِّمت هذه العلامات خصيصًا للمساعدة في تناول جرعات دقيقة من الإنسولين كما تحسنت الإبر الحديثة بشكل كبير. كانت الأشكال القديمة من الإبر أطول وعريضة الحواف، إلّا أنها استُبدِلت هذه الأيام بإبر أصغر وأقصر
https://sa.vitalaire.com/ar/laj-alskry-wadarth,علاج السكري وإدارته | VitalAire Arabia,h2,أقلام الإنسولين,"أصبحت أقلام الأنسولين متوفرة في الثمانينيات. أنها تسمح بتحديد الجرعة باستخدام قرص ، بدلاً من سحبها من قنينة مع حقنة وإبرة.

تتكون أقلام الأنسولين من ثلاثة مكونات - خرطوشة تحتوي على الأنسولين وإبرة يمكن التخلص منها وقرص الجرعات بنقرة واحدة لكل وحدة.

يمكن استخدام قلم الأنسولين نفسه أو إعادة استخدامه ، حيث يتم استبدال خرطوشة الأنسولين عندما تكون فارغة.

التحديث الحديث هو ""القلم الذكي"". يحتوي هذا الجهاز على وظائف ذاكرة لأشياء مثل الجرعة والتوقيت ، ويمكنه استخدام USB أو Bluetooth للتكامل مع الأنظمة الأساسية الرقمية ، مثل تطبيق الهاتف الذكي. هذا يسمح بطرق أكثر فاعلية لمراقبة مرض السكري."
https://sa.vitalaire.com/ar/laj-alskry-wadarth,علاج السكري وإدارته | VitalAire Arabia,h2,العلاج بمضخة الإنسولين,"تختلف مضخات الأنسولين عن الحقن ، لأنها توفر تدفقًا ""أساسيًا"" مستمرًا للأنسولين سريع المفعول.

تتكون المضخة عادةً من خزان الأنسولين الموجود داخل المضخة ومجموعة التسريب مع الأنابيب. يتم توصيل الخزان ومجموعة الحقن بقسطرة في الجلد لتوصيل الأنسولين باستمرار لتلبية الاحتياجات اليومية. نوع مختلف هو ""مضخة التصحيح"". هذه الأجهزة صغيرة وخفيفة الوزن ومتصلة مباشرة بالجلد (بدون مجموعة حقن).

لقد تغير الكثير منذ أن تم تصميم المضخات في الأصل. كان لابد من ارتداء أول نموذج أولي للمضخة كحقيبة ظهر ، لكن المضخات الحديثة أصغر بكثير.

تحتوي المضخات ""الذكية"" الحديثة على العديد من الميزات ، بما في ذلك الآلات الحاسبة المدمجة للجرعات البلعية (جرعات إضافية لمرة واحدة من الأنسولين) وواجهات الكمبيوتر وأجهزة الإنذار. يمكن للمستخدم ضبط التغييرات السريعة في المعدل للاستجابة لتناول الطعام ، ويمكن أيضًا تعليق توصيل الأنسولين للاستجابة لنقص السكر .

يمكن أن تعمل بعض المضخات أيضًا مع مستشعرات الجلوكوز لأتمتة توصيل الأنسولين الأساسي (تسمى ""أنظمة الحلقة المغلقة الهجينة"").

اطلب الآن"
https://sa.vitalaire.com/ar/laj-alskry-wadarth,علاج السكري وإدارته | VitalAire Arabia,h2,علاج السكري من النوع الثاني,"بعكس السكري من النوع الأول، حيث يُعد الإنسولين هو العلاج الرئيسي، توجد مجموعة من العلاجات المختلفة لمرض السكري من النوع الثاني.

يتم تناول بعض هذه العلاجات في شكل أقراص، وبعضها الآخر في شكل حقن، والبعض الآخر ليس علاجًا على الإطلاق

• النشاط البدني والتغذية
• الأدوية الفموية لعلاج السكري
• العلاجات عن طريق الحقن للسكري من النوع الثاني"
https://sa.vitalaire.com/ar/laj-alskry-wadarth,علاج السكري وإدارته | VitalAire Arabia,h2,النشاط البدني والتغذية,"الجانب الأهم في علاج السكري من النوع الثاني هو نمط الحياة الصحي، والذي يشمل اتباع نظام غذائي متوازن ونشاط بدني منتظم والإقلاع عن التدخين والحفاظ على وزن صحي للجسم. ثمة دليل قوي على أن العلاج بالتغذية جزء فعّال من رعاية المصابين بالسكري. يهدف العلاج بالتغذية إلى:

• تعزيز أنماط الأكل الصحي
• تحسين علامات التحكم الجيد بمستوى الجلوكوز في الدم، مثل الهيموغلوبين السكري
• المساعدة في الوصول إلى مستهدفات ضغط الدم والكوليسترول
• الوصول للوزن المناسب والحفاظ عليه
• تأخير مضاعفات السكري
• تلبية الاحتياجات الغذائية والحفاظ على متعة تناول الطعام
• إتاحة أدوات لتخطيط تناول الوجبات اليومية

كما تمثل التمارين الرياضية جزءًا مهمًا من إدارة السكري. للبالغين، يُوصى بممارسة الرياضات الهوائية لمدة 150 دقيقة بحدة متوسطة أو 75 دقيقة بحدة عالية كل أسبوع. ومع ذلك، إذا كنت تعاني من مرض قلبي؛ فمن الأفضل أن تستشير فريق رعاية السكري بشأن ما يمكنك وما لا يمكنك القيام به فيما يتعلق بالتمارين الرياضية. إذا كنت ترغب في المشاركة في الأنشطة الرياضية، فقد يقترح فريق رعاية السكري إجراء فحص للمرض القلبي أولًا"
https://sa.vitalaire.com/ar/laj-alskry-wadarth,علاج السكري وإدارته | VitalAire Arabia,h2,الأدوية الفموية لعلاج السكري,"يوجد عدد من الأجهزة اللوحية التي يمكن تناولها للسكري من النوع الثاني.

الدواء المفضل للبدء أولاً ، إذا كان الشخص المصاب بالسكري لا يعاني من حساسية تجاهه ، هو الميتفورمين (بجرعة أقل). يخفض الميتفورمين مستويات الجلوكوز في الدم عن طريق تقليل معدل إنتاج الكبد للجلوكوز.

إذا تم زيادة جرعة الميتفورمين إلى الحد الأقصى ولم يتم تحقيق أهداف جلوكوز الدم (التي تم قياسها بواسطة HbA1c) ، فيمكن البدء في استخدام قرص ثانٍ أو حقن الأنسولين.

سيساعدك فريق الرعاية الصحية الخاص بك في تحديد العلاج الأفضل بالنسبة لك ، مع مراعاة تفضيلاتك بالإضافة إلى خصائص العلاجات المتاحة. سيكون الهدف هو تحقيق أهداف جلوكوز الدم لديك مع تجنب الآثار الجانبية أو تقليلها."
https://sa.vitalaire.com/ar/laj-alskry-wadarth,علاج السكري وإدارته | VitalAire Arabia,h2,العلاجات عن طريق الحقن للسكري من النوع الثاني,"في حين أن الأقراص هي الدواء الأول المفضل لمرض السكري من النوع الثاني ، فقد تكون هناك حاجة إلى علاجات أخرى لبعض المصابين.

نوع واحد من الأدوية عن طريق الحقن لمرض السكري من النوع الثاني هو مثبطات GLP-1. تزيد هذه الأدوية من إفراز الأنسولين ولكنها لا تزيد من خطر انخفاض جلوكوز الدم (نقص السكر في الدم).

في مرض السكري من النوع الثاني الذي تم تشخيصه حديثًا ، إذا كان مستوى الجلوكوز في الدم مرتفعًا جدًا أو كان لدى الشخص أعراض ارتفاع السكر في الدم ، فقد يقرر فريق الرعاية الصحية بدء العلاج بالأنسولين.

قد يتم وضع الأشخاص المصابين بداء السكري من النوع الثاني في نظام الجرعة القاعدية. يتضمن ذلك أخذ شكل طويل المفعول من الأنسولين (الذي يحافظ على استقرار مستويات الجلوكوز في الدم خلال فترات الصيام) بالإضافة إلى جرعات منفصلة من الأنسولين قصير المفعول (الذي يمنع ارتفاع مستويات السكر في الدم الناتج عن الوجبات). إذا كانوا يعانون من ارتفاع ملحوظ في مستويات الجلوكوز في الدم بعد الوجبات ويحتاجون إلى نظام أنسولين مرن يتناسب مع نمط حياتهم.

يمكن أن يكون مرض السكري من النوع الثاني حالة تقدمية ، لذلك سينتهي الأمر بالعديد من المرضى في نهاية المطاف إلى العلاج بالأنسولين.

إذا كنت تعاني من السكري من النوع الأول أو النوع الثاني، فسوف يعمل فريق الرعاية الصحية معك على إعداد خطة تتيح لك إدارة السكري. نأمل أن تُمكّنك هذه المقالة من فهم العلاجات التي يتم تقديمها إليك بشكل أفضل، وتحديد أفضل قرار يناسبك

American Diabetes Association. Diagnosis and classification of diabetes mellitus. Diabetes Care. 2004; 27(S1): S5-S10

Wilcox, G. Insulin and insulin resistance. Clin Biochem Rev. 2005; 26:19-39

International Diabetes Federation, IDF Diabetes Atlas 8th edition, 2017

American Diabetes Association. Standards of medical care in diabetes- 2015. Diabetes Care 2015;38(Suppl. 1): S1-S93

Dolinar, R. The Importance of Good Insulin Injection Practices in Diabetes Management. Endocrinology. 2009;5(1):49-52

Frid, AH, et al. New insulin delivery recommendations. Mayo Clin Proc. 2016; 91(9):1231-1255

Kesavadev, J., Saboo, B., Krishna, M.B. et al. Evolution of Insulin Delivery Devices: From Syringes, Pens, and Pumps to DIY Artificial Pancreas. Diabetes Ther 2020; 11: 1251–1269

Buse, JB et al. 100 years on: the impact of the discovery of insulin on clinical outcomes. BMJ Open Diab Res Care. 2021; 9:e002373

Evert AB, et al. Nutrition therapy for adults with diabetes or prediabetes: a consensus report. Diabetes Care. 2019; 42:731-754

WHO Collaborating Centre for Drug Statistics Methodology, ATC/DDD Index. Accessed 07/2022

تُعد فيتال إير العلامة التجارية العالمية لأنشطة الرعاية الصحية المنزلية التابعة لـ إير ليكيد والتي تدعم في المنزل 2.3 مليون شخص يعيشون بأمراض مزمنة في عام 2025. تستفيد فيتال إير من 40 عامًا من الخبرة في أمراض الجهاز التنفسي (انقطاع التنفس أثناء النوم، العلاج بالأكسجين طويل الأمد، التهوية خارج المستشفيات)، وعلاجات التسريب الوريدي (السكري، ارتفاع ضغط الدم الشرياني الرئوي)، والرعاية المجتمعية.

• VitalAire Worldwide
• إيرليكويد السعودية
• إيرليكيد العالمية

• اطلب الآن
• قم بزيارتنا

© VitalAire Arabia 2026

• الأحكام والشروط
• إشعار قانوني
• Accessibility
• Sitemap
• Manage cookies"
https://sa.vitalaire.com/ar/node/306,Am I at Risk for Sleep Apnea? | VitalAire Arabia,h1,Am I at Risk for Sleep Apnea?,"The Berlin Questionnaire is divided into 4 categories and suggests more specifically the diagnosis of sleep apnea. However, the diagnosis can be defined by a polysomnography test ordered by your doctor."
https://sa.vitalaire.com/ar/node/306,Am I at Risk for Sleep Apnea? | VitalAire Arabia,h2,Test test,"Search

تُعد فيتال إير العلامة التجارية العالمية لأنشطة الرعاية الصحية المنزلية التابعة لـ إير ليكيد والتي تدعم في المنزل 2.3 مليون شخص يعيشون بأمراض مزمنة في عام 2025. تستفيد فيتال إير من 40 عامًا من الخبرة في أمراض الجهاز التنفسي (انقطاع التنفس أثناء النوم، العلاج بالأكسجين طويل الأمد، التهوية خارج المستشفيات)، وعلاجات التسريب الوريدي (السكري، ارتفاع ضغط الدم الشرياني الرئوي)، والرعاية المجتمعية.

• VitalAire Worldwide
• إيرليكويد السعودية
• إيرليكيد العالمية

• اطلب الآن
• قم بزيارتنا

© VitalAire Arabia 2026

• الأحكام والشروط
• إشعار قانوني
• Accessibility
• Sitemap
• Manage cookies"
https://sa.vitalaire.com/sleep-apnea-am-i-risk,Sleep Apnea: am I at risk? | VitalAire Arabia,h1,Sleep Apnea: am I at risk?,"With this simple test, known as the Berlin questionnaire, we can help assess your risk of suffering from Sleep Apnea. 10 questions about snoring, sleepiness and risk factors such as obesity and hypertension

Remember, the results of this test are not a diagnosis. We invite you to share the result with your doctor, who will be able to interpret them and to let you know if steps need to be taken.

Your data is not saved and you are the only one to have access to the result. Don’t worry, you will have the possibility to download your test, when finished so you can easily share it."
https://sa.vitalaire.com/sleep-apnea-am-i-risk,Sleep Apnea: am I at risk? | VitalAire Arabia,h2,Am I At Risk?,"Thank you for filling out these basic information.

VitalAire is the global brand for Air Liquide’s Home Healthcare activities, which supports at home 2.3 million people living with chronic disease in 2025. VitalAire benefits from 40 years of expertise in respiratory diseases (sleep apnea, long-term oxygen therapy, out-of-hospital ventilation), infusion therapies (diabetes, pulmonary arterial hypertension), and community care.

• VitalAire Worldwide
• Air Liquide Saudi Arabia
• Air Liquide Worldwide

• Shop now
• Visit Us

© VitalAire Arabia 2026

• Terms & conditions
• Legal Notice
• Accessibility
• Sitemap
• Manage cookies"
https://sa.vitalaire.com/form/null,Welcome to VitalAire Arabia! | VitalAire Arabia,h1,VitalAire Arabia,
https://sa.vitalaire.com/form/null,Welcome to VitalAire Arabia! | VitalAire Arabia,h2,Welcome to VitalAire Arabia,
https://sa.vitalaire.com/form/null,Welcome to VitalAire Arabia! | VitalAire Arabia,h2,Air Liquide Health Care,Press Release
https://sa.vitalaire.com/form/null,Welcome to VitalAire Arabia! | VitalAire Arabia,h3,VitalAire Arabia and the Saudi Arabia Ministry of Health plan to launch a new Diabetes Center of Excellence,"VitalAire Arabia and the Saudi Arabia Ministry of Health have signed, in Riyadh, a Memorandum of Understanding to establish a Diabetes Center of Excellence aiming at enhancing patient care and outcomes, and provide high-quality health services for patients living with diabetes.

The Diabetes Center of Excellence is expecting to treat more than 6,000 patients living with diabetes Type 1 diabetes. Together with the MOH, our focus will be to improve the patient journey, implementing an educational program, proposing plans of care for patients, and measuring outcomes crucial to patients’ health, and to their quality of life."
https://sa.vitalaire.com/form/null,Welcome to VitalAire Arabia! | VitalAire Arabia,h3,Click here to read the Press Release,
https://sa.vitalaire.com/form/null,Welcome to VitalAire Arabia! | VitalAire Arabia,h2,Who are we?,"VitalAire Arabia is the Saudi entity of VitalAire brand.

VitalAire is an international brand for homecare activities of the Air Liquide Group that specialize in Diabetes, Sleep Apnea, Oxygen Therapy, Ventilation and Home Health Care services."
https://sa.vitalaire.com/form/null,Welcome to VitalAire Arabia! | VitalAire Arabia,h2,Mission,
https://sa.vitalaire.com/form/null,Welcome to VitalAire Arabia! | VitalAire Arabia,h2,Vision,VitalAire Arabia is committed to put patients at the heart of everything we do. We provide a unique patient-centric and collective approach to help patients achieve a better quality of life while treated for chronic diseases at home. Vitalaire Arabia is engaged to improve value in healthcare for the benefit of patients and reduce the cost for the healthcare system.
https://sa.vitalaire.com/form/null,Welcome to VitalAire Arabia! | VitalAire Arabia,h3,Our Solutions,"• Diabetes management, for insulin treated patients.
• Continuous Positive Airway Pressure (CPAP) for patients diagnosed with obstructive sleep apnea
• Home Ventilation for patients diagnosed with chronic respiratory failure
• Long-term oxygen therapy for people with chronic respiratory disease, particularly patients diagnosed with COPD (Chronic Obstructive Pulmonary Disease)

Our ambition is to always bring innovations that enhance patients’ health and provide meaningful outcomes."
https://sa.vitalaire.com/form/null,Welcome to VitalAire Arabia! | VitalAire Arabia,h2,Where to find us?,"3 results

• VitalAire Arabia - Dammam
• VitalAire Arabia - Jeddah
• VitalAire Arabia Head Office Riyadh"
https://sa.vitalaire.com/form/null,Welcome to VitalAire Arabia! | VitalAire Arabia,h3,VitalAire Arabia - Dammam,
https://sa.vitalaire.com/form/null,Welcome to VitalAire Arabia! | VitalAire Arabia,h3,VitalAire Arabia - Jeddah,
https://sa.vitalaire.com/form/null,Welcome to VitalAire Arabia! | VitalAire Arabia,h3,VitalAire Arabia Head Office Riyadh,"Sunday to Thursday 8:00 AM to 5:30 PM

Phone Number

AlNajem Buisness Center, King Faisal road, AlMazruiyah - Dammam 32414, KSA, Office 22, 4th floor,

Contact us on WhatsApp / https://wa.me/+966500151059

Sunday to Thursday 8:30 AM to 5:30 PM

Phone Number

Mezzanine Floor, Office # 6 El Aqsa for Business Bldg. شركة فيتالير العربية فرع جدة, Al-Rehab, Jeddah 23345

Contact us on WhatsApp / https://wa.me/+966500151059

Sunday to Thursday 8:30 AM to 5:30 PM

Phone Number

4063 Prince Fawaz Bin Abdulaziz St, 7999, Ar Rabwah, Riyadh 12813, Saudi Arabia

Contact us on WhatsApp / https://wa.me/+966500151059

• Locations

VitalAire is the global brand for Air Liquide’s Home Healthcare activities, which supports at home 2.3 million people living with chronic disease in 2025. VitalAire benefits from 40 years of expertise in respiratory diseases (sleep apnea, long-term oxygen therapy, out-of-hospital ventilation), infusion therapies (diabetes, pulmonary arterial hypertension), and community care.

• VitalAire Worldwide
• Air Liquide Saudi Arabia
• Air Liquide Worldwide

• Shop now
• Visit Us

© VitalAire Arabia 2026

• Terms & conditions
• Legal Notice
• Accessibility
• Sitemap
• Manage cookies"
https://sa.vitalaire.com/ar/twqf-alnfs-athna-alnwm-hl-ana-fy-khtr,توقف النفس أثناء النوم: هل أنا في خطر؟ | VitalAire Arabia,h1,توقف النفس أثناء النوم: هل أنا في خطر؟,"من خلال هذا الاختبار البسيط ، المعروف باسم استبيان برلين ، يمكننا المساعدة في تقييم مخاطر إصابتك بانقطاع النفس أثناء النوم. 10 أسئلة عن الشخير والنعاس وعوامل الخطر مثل السمنة وارتفاع ضغط الدم

تذكر أن نتائج هذا الاختبار ليست تشخيصًا. ندعوك لمشاركة النتيجة مع طبيبك ، والذي سيكون قادرًا على تفسيرها وإعلامك إذا كان يلزم اتخاذ خطوات.

لا يتم حفظ بياناتك وأنت الوحيد الذي يمكنه الوصول إلى النتيجة. لا تقلق ، سيكون لديك إمكانية تنزيل اختبارك عند الانتهاء حتى تتمكن من مشاركته بسهولة."
https://sa.vitalaire.com/ar/twqf-alnfs-athna-alnwm-hl-ana-fy-khtr,توقف النفس أثناء النوم: هل أنا في خطر؟ | VitalAire Arabia,h2,هل أنا في خطر؟,"شكرا لملء هذه المعلومات الأساسية.

تُعد فيتال إير العلامة التجارية العالمية لأنشطة الرعاية الصحية المنزلية التابعة لـ إير ليكيد والتي تدعم في المنزل 2.3 مليون شخص يعيشون بأمراض مزمنة في عام 2025. تستفيد فيتال إير من 40 عامًا من الخبرة في أمراض الجهاز التنفسي (انقطاع التنفس أثناء النوم، العلاج بالأكسجين طويل الأمد، التهوية خارج المستشفيات)، وعلاجات التسريب الوريدي (السكري، ارتفاع ضغط الدم الشرياني الرئوي)، والرعاية المجتمعية.

• VitalAire Worldwide
• إيرليكويد السعودية
• إيرليكيد العالمية

• اطلب الآن
• قم بزيارتنا

© VitalAire Arabia 2026

• الأحكام والشروط
• إشعار قانوني
• Accessibility
• Sitemap
• Manage cookies"
